-- phpMyAdmin SQL Dump
-- version 5.2.0
-- https://www.phpmyadmin.net/
--
-- Anamakine: 127.0.0.1
-- Üretim Zamanı: 26 Mar 2023, 15:09:31
-- Sunucu sürümü: 10.4.27-MariaDB
-- PHP Sürümü: 8.2.0

SET SQL_MODE = "NO_AUTO_VALUE_ON_ZERO";
START TRANSACTION;
SET time_zone = "+00:00";


/*!40101 SET @OLD_CHARACTER_SET_CLIENT=@@CHARACTER_SET_CLIENT */;
/*!40101 SET @OLD_CHARACTER_SET_RESULTS=@@CHARACTER_SET_RESULTS */;
/*!40101 SET @OLD_COLLATION_CONNECTION=@@COLLATION_CONNECTION */;
/*!40101 SET NAMES utf8mb4 */;

--
-- Veritabanı: `java_se`
--

-- --------------------------------------------------------

--
-- Tablo için tablo yapısı `addresses`
--

CREATE TABLE `addresses` (
  `aid` int(11) NOT NULL,
  `title` varchar(255) DEFAULT NULL,
  `detail` varchar(255) DEFAULT NULL
) ENGINE=InnoDB DEFAULT CHARSET=utf8 COLLATE=utf8_general_ci;

--
-- Tablo döküm verisi `addresses`
--

INSERT INTO `addresses` (`aid`, `title`, `detail`) VALUES
(1, 'ev', 'istanbul'),
(2, 'iş', 'istanbul'),
(3, 'tatil', 'antalya'),
(4, 'ev', 'ankara'),
(5, 'iş', 'ankara ostim');

-- --------------------------------------------------------

--
-- Tablo için tablo yapısı `category`
--

CREATE TABLE `category` (
  `cid` int(11) NOT NULL,
  `cname` varchar(255) NOT NULL
) ENGINE=InnoDB DEFAULT CHARSET=utf8 COLLATE=utf8_general_ci;

--
-- Tablo döküm verisi `category`
--

INSERT INTO `category` (`cid`, `cname`) VALUES
(1, 'teknoloji'),
(2, 'ev'),
(3, 'telefon'),
(4, 'market');

-- --------------------------------------------------------

--
-- Tablo için tablo yapısı `customers`
--

CREATE TABLE `customers` (
  `cid` int(11) NOT NULL,
  `name` varchar(255) DEFAULT NULL,
  `surname` varchar(255) DEFAULT NULL,
  `email` varchar(255) DEFAULT NULL,
  `password` varchar(255) DEFAULT NULL,
  `phone` varchar(255) DEFAULT NULL,
  `age` int(11) DEFAULT NULL,
  `status` tinyint(1) DEFAULT NULL
) ENGINE=InnoDB DEFAULT CHARSET=utf8 COLLATE=utf8_general_ci;

--
-- Tablo döküm verisi `customers`
--

INSERT INTO `customers` (`cid`, `name`, `surname`, `email`, `password`, `phone`, `age`, `status`) VALUES
(1, 'ali', 'bilmem', 'ali@mail.com', '12345', '01231231', 40, 1),
(2, 'veli', 'bil', 'veli@mail.com', '31234', '0512313123', 41, 1);

-- --------------------------------------------------------

--
-- Tablo için tablo yapısı `customers_addresses`
--

CREATE TABLE `customers_addresses` (
  `cid` int(11) DEFAULT NULL,
  `aid` int(11) DEFAULT NULL
) ENGINE=InnoDB DEFAULT CHARSET=utf8 COLLATE=utf8_general_ci;

--
-- Tablo döküm verisi `customers_addresses`
--

INSERT INTO `customers_addresses` (`cid`, `aid`) VALUES
(1, 1),
(1, 2),
(1, 3),
(2, 4),
(2, 5);

-- --------------------------------------------------------

--
-- Tablo için tablo yapısı `images`
--

CREATE TABLE `images` (
  `iid` int(11) NOT NULL,
  `pid` int(11) NOT NULL,
  `path` varchar(255) NOT NULL
) ENGINE=InnoDB DEFAULT CHARSET=utf8 COLLATE=utf8_general_ci;

--
-- Tablo döküm verisi `images`
--

INSERT INTO `images` (`iid`, `pid`, `path`) VALUES
(1, 69, '64.jpg'),
(2, 49, '48.jpg'),
(3, 38, '15.jpg'),
(4, 71, '55.jpg'),
(5, 6, '97.jpg'),
(6, 17, '89.jpg'),
(7, 90, '83.jpg'),
(8, 29, '68.jpg'),
(9, 14, '41.jpg'),
(10, 75, '5.jpg'),
(11, 81, '8.jpg'),
(12, 70, '49.jpg'),
(13, 48, '88.jpg'),
(14, 66, '46.jpg'),
(15, 33, '76.jpg'),
(16, 91, '26.jpg'),
(17, 6, '89.jpg'),
(18, 12, '46.jpg'),
(19, 99, '100.jpg'),
(20, 33, '43.jpg'),
(21, 85, '14.jpg'),
(22, 5, '58.jpg'),
(23, 11, '79.jpg'),
(24, 42, '58.jpg'),
(25, 65, '5.jpg'),
(26, 67, '79.jpg'),
(27, 56, '86.jpg'),
(28, 56, '12.jpg'),
(29, 34, '39.jpg'),
(30, 32, '78.jpg'),
(31, 43, '82.jpg'),
(32, 72, '80.jpg'),
(33, 93, '62.jpg'),
(34, 63, '61.jpg'),
(35, 65, '3.jpg'),
(36, 60, '82.jpg'),
(37, 55, '44.jpg'),
(38, 10, '38.jpg'),
(39, 61, '10.jpg'),
(40, 92, '50.jpg'),
(41, 46, '99.jpg'),
(42, 63, '22.jpg'),
(43, 61, '52.jpg'),
(44, 33, '53.jpg'),
(45, 47, '11.jpg'),
(46, 46, '49.jpg'),
(47, 41, '7.jpg'),
(48, 76, '38.jpg'),
(49, 80, '50.jpg'),
(50, 70, '53.jpg'),
(51, 83, '96.jpg'),
(52, 76, '53.jpg'),
(53, 70, '60.jpg'),
(54, 26, '33.jpg'),
(55, 88, '57.jpg'),
(56, 98, '19.jpg'),
(57, 22, '78.jpg'),
(58, 32, '84.jpg'),
(59, 32, '52.jpg'),
(60, 16, '56.jpg'),
(61, 31, '70.jpg'),
(62, 48, '17.jpg'),
(63, 44, '70.jpg'),
(64, 17, '49.jpg'),
(65, 44, '56.jpg'),
(66, 45, '42.jpg'),
(67, 24, '98.jpg'),
(68, 30, '29.jpg'),
(69, 54, '65.jpg'),
(70, 11, '82.jpg'),
(71, 24, '47.jpg'),
(72, 73, '69.jpg'),
(73, 69, '1.jpg'),
(74, 12, '36.jpg'),
(75, 69, '85.jpg'),
(76, 19, '92.jpg'),
(77, 91, '30.jpg'),
(78, 1, '53.jpg'),
(79, 67, '46.jpg'),
(80, 55, '52.jpg'),
(81, 63, '63.jpg'),
(82, 5, '80.jpg'),
(83, 52, '40.jpg'),
(84, 21, '94.jpg'),
(85, 23, '20.jpg'),
(86, 38, '81.jpg'),
(87, 68, '32.jpg'),
(88, 90, '63.jpg'),
(89, 15, '35.jpg'),
(90, 64, '42.jpg'),
(91, 89, '65.jpg'),
(92, 4, '20.jpg'),
(93, 25, '44.jpg'),
(94, 56, '32.jpg'),
(95, 16, '11.jpg'),
(96, 52, '18.jpg'),
(97, 58, '53.jpg'),
(98, 7, '5.jpg'),
(99, 78, '35.jpg'),
(100, 2, '7.jpg'),
(101, 34, '11.jpg'),
(102, 85, '86.jpg'),
(103, 14, '65.jpg'),
(104, 33, '82.jpg'),
(105, 9, '66.jpg'),
(106, 15, '25.jpg'),
(107, 33, '68.jpg'),
(108, 65, '67.jpg'),
(109, 50, '85.jpg'),
(110, 4, '3.jpg'),
(111, 42, '47.jpg'),
(112, 1, '65.jpg'),
(113, 2, '47.jpg'),
(114, 10, '100.jpg'),
(115, 65, '61.jpg'),
(116, 59, '54.jpg'),
(117, 85, '24.jpg'),
(118, 47, '67.jpg'),
(119, 37, '76.jpg'),
(120, 15, '40.jpg'),
(121, 73, '32.jpg'),
(122, 53, '34.jpg'),
(123, 27, '12.jpg'),
(124, 56, '73.jpg'),
(125, 62, '18.jpg'),
(126, 15, '9.jpg'),
(127, 49, '15.jpg'),
(128, 74, '8.jpg'),
(129, 18, '57.jpg'),
(130, 75, '91.jpg'),
(131, 68, '53.jpg'),
(132, 92, '78.jpg'),
(133, 99, '54.jpg'),
(134, 19, '72.jpg'),
(135, 25, '5.jpg'),
(136, 20, '26.jpg'),
(137, 28, '95.jpg'),
(138, 59, '28.jpg'),
(139, 97, '44.jpg'),
(140, 33, '5.jpg'),
(141, 86, '100.jpg'),
(142, 40, '42.jpg'),
(143, 7, '93.jpg'),
(144, 86, '18.jpg'),
(145, 42, '21.jpg'),
(146, 75, '42.jpg'),
(147, 74, '90.jpg'),
(148, 58, '93.jpg'),
(149, 93, '55.jpg'),
(150, 51, '27.jpg'),
(151, 48, '99.jpg'),
(152, 72, '99.jpg'),
(153, 45, '79.jpg'),
(154, 36, '90.jpg'),
(155, 97, '20.jpg'),
(156, 32, '96.jpg'),
(157, 33, '46.jpg'),
(158, 63, '85.jpg'),
(159, 66, '7.jpg'),
(160, 12, '33.jpg'),
(161, 87, '96.jpg'),
(162, 24, '14.jpg'),
(163, 4, '85.jpg'),
(164, 76, '59.jpg'),
(165, 74, '2.jpg'),
(166, 58, '51.jpg'),
(167, 95, '15.jpg'),
(168, 51, '68.jpg'),
(169, 76, '10.jpg'),
(170, 85, '65.jpg'),
(171, 30, '52.jpg'),
(172, 97, '12.jpg'),
(173, 30, '52.jpg'),
(174, 39, '38.jpg'),
(175, 78, '42.jpg'),
(176, 96, '10.jpg'),
(177, 19, '68.jpg'),
(178, 75, '84.jpg'),
(179, 53, '51.jpg'),
(180, 36, '1.jpg'),
(181, 93, '36.jpg'),
(182, 55, '32.jpg'),
(183, 17, '36.jpg'),
(184, 7, '21.jpg'),
(185, 6, '78.jpg'),
(186, 63, '20.jpg'),
(187, 87, '96.jpg'),
(188, 76, '65.jpg'),
(189, 41, '47.jpg'),
(190, 47, '25.jpg'),
(191, 72, '82.jpg'),
(192, 62, '99.jpg'),
(193, 94, '21.jpg'),
(194, 88, '24.jpg'),
(195, 62, '44.jpg'),
(196, 45, '6.jpg'),
(197, 59, '49.jpg'),
(198, 5, '9.jpg'),
(199, 7, '32.jpg'),
(200, 33, '17.jpg'),
(201, 92, '3.jpg'),
(202, 60, '98.jpg'),
(203, 1, '15.jpg'),
(204, 1, '97.jpg'),
(205, 9, '93.jpg'),
(206, 89, '83.jpg'),
(207, 43, '24.jpg'),
(208, 24, '83.jpg'),
(209, 94, '53.jpg'),
(210, 25, '4.jpg'),
(211, 24, '5.jpg'),
(212, 25, '70.jpg'),
(213, 78, '34.jpg'),
(214, 63, '84.jpg'),
(215, 75, '100.jpg'),
(216, 70, '59.jpg'),
(217, 64, '44.jpg'),
(218, 99, '13.jpg'),
(219, 62, '97.jpg'),
(220, 64, '43.jpg'),
(221, 10, '41.jpg'),
(222, 98, '94.jpg'),
(223, 82, '7.jpg'),
(224, 87, '42.jpg'),
(225, 98, '46.jpg'),
(226, 79, '64.jpg'),
(227, 76, '57.jpg'),
(228, 24, '94.jpg'),
(229, 71, '93.jpg'),
(230, 39, '94.jpg'),
(231, 10, '55.jpg'),
(232, 19, '56.jpg'),
(233, 3, '30.jpg'),
(234, 18, '5.jpg'),
(235, 91, '13.jpg'),
(236, 6, '31.jpg'),
(237, 63, '66.jpg'),
(238, 48, '80.jpg'),
(239, 76, '84.jpg'),
(240, 94, '58.jpg'),
(241, 84, '11.jpg'),
(242, 11, '90.jpg'),
(243, 39, '43.jpg'),
(244, 13, '95.jpg'),
(245, 77, '45.jpg'),
(246, 65, '20.jpg'),
(247, 1, '15.jpg'),
(248, 79, '86.jpg'),
(249, 40, '64.jpg'),
(250, 26, '10.jpg'),
(251, 57, '95.jpg'),
(252, 57, '3.jpg'),
(253, 59, '25.jpg'),
(254, 12, '52.jpg'),
(255, 45, '12.jpg'),
(256, 51, '25.jpg'),
(257, 74, '96.jpg'),
(258, 49, '23.jpg'),
(259, 15, '71.jpg'),
(260, 31, '10.jpg'),
(261, 32, '51.jpg'),
(262, 37, '64.jpg'),
(263, 15, '72.jpg'),
(264, 99, '42.jpg'),
(265, 84, '58.jpg'),
(266, 52, '79.jpg'),
(267, 85, '71.jpg'),
(268, 95, '24.jpg'),
(269, 17, '5.jpg'),
(270, 53, '33.jpg'),
(271, 20, '94.jpg'),
(272, 75, '55.jpg'),
(273, 29, '7.jpg'),
(274, 69, '6.jpg'),
(275, 23, '29.jpg'),
(276, 90, '62.jpg'),
(277, 26, '31.jpg'),
(278, 79, '18.jpg'),
(279, 99, '18.jpg'),
(280, 49, '26.jpg'),
(281, 81, '12.jpg'),
(282, 94, '2.jpg'),
(283, 96, '81.jpg'),
(284, 60, '95.jpg'),
(285, 88, '8.jpg'),
(286, 76, '27.jpg'),
(287, 3, '54.jpg'),
(288, 37, '53.jpg'),
(289, 95, '32.jpg'),
(290, 61, '98.jpg'),
(291, 2, '34.jpg'),
(292, 58, '41.jpg'),
(293, 59, '22.jpg'),
(294, 13, '50.jpg'),
(295, 33, '55.jpg'),
(296, 24, '94.jpg'),
(297, 63, '20.jpg'),
(298, 22, '56.jpg'),
(299, 79, '38.jpg'),
(300, 4, '3.jpg'),
(301, 47, '64.jpg'),
(302, 6, '18.jpg'),
(303, 41, '8.jpg'),
(304, 21, '90.jpg'),
(305, 29, '8.jpg'),
(306, 58, '83.jpg'),
(307, 98, '14.jpg'),
(308, 73, '44.jpg'),
(309, 26, '81.jpg'),
(310, 34, '53.jpg'),
(311, 30, '59.jpg'),
(312, 45, '98.jpg'),
(313, 97, '6.jpg'),
(314, 88, '2.jpg'),
(315, 87, '100.jpg'),
(316, 2, '24.jpg'),
(317, 60, '7.jpg'),
(318, 50, '59.jpg'),
(319, 76, '35.jpg'),
(320, 29, '80.jpg'),
(321, 37, '72.jpg'),
(322, 82, '65.jpg'),
(323, 22, '16.jpg'),
(324, 98, '66.jpg'),
(325, 67, '54.jpg'),
(326, 72, '76.jpg'),
(327, 64, '5.jpg'),
(328, 30, '58.jpg'),
(329, 93, '93.jpg'),
(330, 1, '20.jpg'),
(331, 34, '93.jpg'),
(332, 7, '29.jpg'),
(333, 60, '46.jpg'),
(334, 64, '11.jpg'),
(335, 88, '63.jpg'),
(336, 38, '84.jpg'),
(337, 6, '58.jpg'),
(338, 100, '6.jpg'),
(339, 75, '64.jpg'),
(340, 14, '2.jpg'),
(341, 38, '82.jpg'),
(342, 59, '12.jpg'),
(343, 66, '47.jpg'),
(344, 69, '73.jpg'),
(345, 46, '18.jpg'),
(346, 15, '33.jpg'),
(347, 12, '49.jpg'),
(348, 31, '92.jpg'),
(349, 100, '33.jpg'),
(350, 100, '5.jpg'),
(351, 95, '31.jpg'),
(352, 58, '30.jpg'),
(353, 5, '67.jpg'),
(354, 44, '31.jpg'),
(355, 41, '60.jpg'),
(356, 46, '80.jpg'),
(357, 7, '75.jpg'),
(358, 73, '94.jpg'),
(359, 54, '51.jpg'),
(360, 32, '16.jpg'),
(361, 38, '46.jpg'),
(362, 95, '92.jpg'),
(363, 92, '68.jpg'),
(364, 94, '70.jpg'),
(365, 72, '58.jpg'),
(366, 62, '59.jpg'),
(367, 6, '67.jpg'),
(368, 55, '63.jpg'),
(369, 66, '35.jpg'),
(370, 34, '47.jpg'),
(371, 35, '82.jpg'),
(372, 44, '31.jpg'),
(373, 82, '78.jpg'),
(374, 96, '62.jpg'),
(375, 64, '62.jpg'),
(376, 83, '14.jpg'),
(377, 77, '32.jpg'),
(378, 44, '36.jpg'),
(379, 61, '30.jpg'),
(380, 39, '2.jpg'),
(381, 30, '42.jpg'),
(382, 2, '72.jpg'),
(383, 60, '77.jpg'),
(384, 94, '29.jpg'),
(385, 82, '28.jpg'),
(386, 91, '72.jpg'),
(387, 75, '82.jpg'),
(388, 39, '78.jpg'),
(389, 27, '62.jpg'),
(390, 63, '56.jpg'),
(391, 39, '26.jpg'),
(392, 34, '13.jpg'),
(393, 34, '54.jpg'),
(394, 53, '96.jpg'),
(395, 15, '100.jpg'),
(396, 14, '86.jpg'),
(397, 4, '100.jpg'),
(398, 44, '38.jpg'),
(399, 60, '85.jpg'),
(400, 90, '56.jpg'),
(401, 3, '96.jpg'),
(402, 26, '20.jpg'),
(403, 98, '15.jpg'),
(404, 37, '41.jpg'),
(405, 71, '67.jpg'),
(406, 43, '13.jpg'),
(407, 26, '55.jpg'),
(408, 30, '63.jpg'),
(409, 15, '45.jpg'),
(410, 49, '68.jpg'),
(411, 15, '76.jpg'),
(412, 48, '70.jpg'),
(413, 21, '48.jpg'),
(414, 32, '36.jpg'),
(415, 69, '24.jpg'),
(416, 87, '62.jpg'),
(417, 74, '4.jpg'),
(418, 68, '33.jpg'),
(419, 87, '34.jpg'),
(420, 24, '14.jpg'),
(421, 100, '73.jpg'),
(422, 31, '61.jpg'),
(423, 95, '6.jpg'),
(424, 12, '73.jpg'),
(425, 48, '90.jpg'),
(426, 98, '65.jpg'),
(427, 67, '11.jpg'),
(428, 39, '99.jpg'),
(429, 61, '76.jpg'),
(430, 20, '59.jpg'),
(431, 35, '88.jpg'),
(432, 94, '2.jpg'),
(433, 29, '72.jpg'),
(434, 74, '72.jpg'),
(435, 2, '5.jpg'),
(436, 5, '5.jpg'),
(437, 84, '91.jpg'),
(438, 71, '53.jpg'),
(439, 75, '26.jpg'),
(440, 73, '5.jpg'),
(441, 52, '74.jpg'),
(442, 2, '99.jpg'),
(443, 23, '38.jpg'),
(444, 53, '43.jpg'),
(445, 77, '47.jpg'),
(446, 73, '81.jpg'),
(447, 95, '99.jpg'),
(448, 14, '79.jpg'),
(449, 82, '10.jpg'),
(450, 31, '88.jpg'),
(451, 12, '41.jpg'),
(452, 13, '40.jpg'),
(453, 20, '9.jpg'),
(454, 67, '82.jpg'),
(455, 39, '6.jpg'),
(456, 45, '47.jpg'),
(457, 95, '35.jpg'),
(458, 10, '85.jpg'),
(459, 11, '54.jpg'),
(460, 51, '27.jpg'),
(461, 63, '92.jpg'),
(462, 47, '90.jpg'),
(463, 51, '72.jpg'),
(464, 57, '20.jpg'),
(465, 60, '95.jpg'),
(466, 82, '79.jpg'),
(467, 35, '15.jpg'),
(468, 36, '34.jpg'),
(469, 36, '43.jpg'),
(470, 99, '31.jpg'),
(471, 30, '14.jpg'),
(472, 19, '8.jpg'),
(473, 25, '53.jpg'),
(474, 94, '96.jpg'),
(475, 18, '75.jpg'),
(476, 40, '47.jpg'),
(477, 44, '79.jpg'),
(478, 27, '3.jpg'),
(479, 77, '65.jpg'),
(480, 21, '88.jpg'),
(481, 32, '16.jpg'),
(482, 76, '12.jpg'),
(483, 49, '40.jpg'),
(484, 79, '54.jpg'),
(485, 14, '53.jpg'),
(486, 95, '37.jpg'),
(487, 93, '69.jpg'),
(488, 40, '9.jpg'),
(489, 87, '95.jpg'),
(490, 82, '61.jpg'),
(491, 78, '50.jpg'),
(492, 3, '69.jpg'),
(493, 67, '53.jpg'),
(494, 74, '1.jpg'),
(495, 31, '10.jpg'),
(496, 94, '82.jpg'),
(497, 83, '6.jpg'),
(498, 69, '56.jpg'),
(499, 26, '73.jpg'),
(500, 47, '97.jpg');

-- --------------------------------------------------------

--
-- Tablo için tablo yapısı `produck_category`
--

CREATE TABLE `produck_category` (
  `pid` int(11) NOT NULL,
  `cid` int(11) NOT NULL
) ENGINE=InnoDB DEFAULT CHARSET=utf8 COLLATE=utf8_general_ci;

--
-- Tablo döküm verisi `produck_category`
--

INSERT INTO `produck_category` (`pid`, `cid`) VALUES
(46, 1),
(22, 4),
(84, 2),
(47, 2),
(23, 4),
(69, 4),
(56, 4),
(16, 3),
(12, 3),
(73, 4),
(63, 2),
(70, 2),
(73, 4),
(36, 2),
(66, 3),
(31, 1),
(70, 1),
(95, 1),
(30, 3),
(82, 2),
(34, 1),
(61, 4),
(58, 2),
(72, 3),
(92, 2),
(67, 4),
(37, 2),
(78, 4),
(11, 4),
(34, 4),
(39, 3),
(49, 4),
(93, 2),
(90, 1),
(69, 3),
(21, 1),
(90, 2),
(56, 2),
(96, 2),
(84, 4),
(53, 4),
(96, 3),
(77, 2),
(65, 4),
(53, 3),
(20, 1),
(1, 4),
(86, 1),
(40, 4),
(3, 4),
(59, 2),
(46, 4),
(77, 4),
(20, 1),
(84, 1),
(14, 4),
(50, 1),
(33, 1),
(38, 3),
(80, 4),
(8, 2),
(71, 3),
(92, 1),
(32, 3),
(2, 4),
(83, 4),
(16, 4),
(23, 3),
(24, 4),
(66, 4),
(26, 4),
(19, 4),
(81, 2),
(15, 3),
(60, 4),
(66, 3),
(49, 1),
(3, 4),
(94, 4),
(22, 3),
(47, 3),
(2, 3),
(98, 4),
(58, 4),
(12, 2),
(75, 3),
(16, 3),
(1, 3),
(99, 4),
(83, 3),
(11, 2),
(62, 2),
(18, 4),
(35, 2),
(78, 2),
(17, 1),
(96, 2),
(98, 3),
(86, 4),
(10, 2);

-- --------------------------------------------------------

--
-- Tablo için tablo yapısı `product`
--

CREATE TABLE `product` (
  `pid` int(11) NOT NULL,
  `title` varchar(255) NOT NULL,
  `price` int(9) NOT NULL
) ENGINE=InnoDB DEFAULT CHARSET=utf8 COLLATE=utf8_general_ci;

--
-- Tablo döküm verisi `product`
--

INSERT INTO `product` (`pid`, `title`, `price`) VALUES
(1, 'Sobe - Tropical Energy', 12),
(2, 'Blue Curacao - Marie Brizard', 82),
(3, 'Oil - Canola', 14),
(4, 'Spinach - Spinach Leaf', 74),
(5, 'Dates', 48),
(6, 'Tart - Lemon', 88),
(7, 'Water - Green Tea Refresher', 82),
(8, 'Vegetable - Base', 46),
(9, 'Cookies - Amaretto', 28),
(10, 'Compound - Raspberry', 42),
(11, 'Bols Melon Liqueur', 95),
(12, 'Flower - Potmums', 80),
(13, 'Tray - 12in Rnd Blk', 43),
(14, 'Currants', 39),
(15, 'Pasta - Rotini, Colour, Dry', 35),
(16, 'Russian Prince', 96),
(17, 'Coconut - Shredded, Unsweet', 46),
(18, 'Potatoes - Pei 10 Oz', 59),
(19, 'Cheese Cloth', 63),
(20, 'Nut - Pistachio, Shelled', 39),
(21, 'Container - Clear 32 Oz', 8),
(22, 'Wine - Penfolds Koonuga Hill', 6),
(23, 'Lime Cordial - Roses', 81),
(24, 'Turkey - Ground. Lean', 27),
(25, 'Butter - Unsalted', 88),
(26, 'Tea - Herbal I Love Lemon', 49),
(27, 'Venison - Ground', 65),
(28, 'Melon - Cantaloupe', 20),
(29, 'Eggwhite Frozen', 94),
(30, 'Cake - Pancake', 8),
(31, 'Wine - White, French Cross', 51),
(32, 'Lid - High Heat, Super Clear', 18),
(33, 'Wine - Wyndham Estate Bin 777', 85),
(34, 'Glass - Wine, Plastic, Clear 5 Oz', 11),
(35, 'Oil - Hazelnut', 1),
(36, 'Pumpkin - Seed', 39),
(37, 'Tomatillo', 19),
(38, 'Salt - Rock, Course', 41),
(39, 'Bar Mix - Lemon', 28),
(40, 'Chocolate - Unsweetened', 78),
(41, 'Potatoes - Yukon Gold 5 Oz', 56),
(42, 'Soup - Campbellschix Stew', 98),
(43, 'Oven Mitts - 15 Inch', 68),
(44, 'Tea - Grapefruit Green Tea', 3),
(45, 'Tea - Apple Green Tea', 77),
(46, 'Pastry - Raisin Muffin - Mini', 38),
(47, 'Seedlings - Clamshell', 70),
(48, 'Tuna - Salad Premix', 63),
(49, 'Soup - Campbells, Cream Of', 96),
(50, 'Potatoes - Mini Red', 46),
(51, 'Wine - Chablis J Moreau Et Fils', 8),
(52, 'Tarragon - Primerba, Paste', 51),
(53, 'Cake - Dulce De Leche', 38),
(54, 'Absolut Citron', 8),
(55, 'Smoked Paprika', 29),
(56, 'Bread - Wheat Baguette', 41),
(57, 'Muffin - Carrot Individual Wrap', 71),
(58, 'Cheese - Pied De Vents', 90),
(59, 'Nut - Almond, Blanched, Ground', 65),
(60, 'Tomatoes - Hot House', 36),
(61, 'Pepper - Green', 72),
(62, 'Lid Coffee Cup 8oz Blk', 56),
(63, 'Oil - Olive, Extra Virgin', 26),
(64, 'Aspic - Light', 45),
(65, 'Cheese - Goat With Herbs', 81),
(66, 'Tequila - Sauza Silver', 43),
(67, 'Sauce - Bernaise, Mix', 92),
(68, 'Cheese - St. Paulin', 14),
(69, 'Basil - Thai', 57),
(70, 'Bread Foccacia Whole', 89),
(71, 'Calaloo', 31),
(72, 'Mints - Striped Red', 45),
(73, 'Sparkling Wine - Rose, Freixenet', 57),
(74, 'Cheese - Cheddar, Old White', 40),
(75, 'Towels - Paper / Kraft', 96),
(76, 'Butter - Salted', 79),
(77, 'Ice Cream - Super Sandwich', 18),
(78, 'Beef - Striploin Aa', 46),
(79, 'Wiberg Cure', 84),
(80, 'Gherkin', 35),
(81, 'Silicone Parch. 16.3x24.3', 52),
(82, 'Cranberries - Frozen', 76),
(83, 'Skirt - 24 Foot', 14),
(84, 'Flour - So Mix Cake White', 32),
(85, 'Cup - 8oz Coffee Perforated', 51),
(86, 'Shrimp - Tiger 21/25', 53),
(87, 'Appetizer - Mushroom Tart', 8),
(88, 'Table Cloth - 53x69 Colour', 65),
(89, 'Ginsing - Fresh', 54),
(90, 'Bread Crumbs - Panko', 13),
(91, 'Wine - Marlbourough Sauv Blanc', 39),
(92, 'Dehydrated Kelp Kombo', 24),
(93, 'Pepper - Green, Chili', 19),
(94, 'Shrimp - 100 / 200 Cold Water', 88),
(95, 'Bread Base - Toscano', 14),
(96, 'Flounder - Fresh', 11),
(97, 'Lamb - Racks, Frenched', 78),
(98, 'Curry Powder Madras', 49),
(99, 'Fuji Apples', 42),
(100, 'Oven Mitts 17 Inch', 65);

-- --------------------------------------------------------

--
-- Tablo için tablo yapısı `users`
--

CREATE TABLE `users` (
  `uid` int(11) NOT NULL,
  `name` varchar(255) NOT NULL,
  `surname` varchar(255) NOT NULL,
  `email` varchar(255) NOT NULL,
  `password` varchar(255) NOT NULL,
  `Status` tinyint(1) NOT NULL,
  `age` tinyint(4) NOT NULL,
  `date` datetime NOT NULL
) ENGINE=InnoDB DEFAULT CHARSET=utf8 COLLATE=utf8_general_ci;

--
-- Tablo döküm verisi `users`
--

INSERT INTO `users` (`uid`, `name`, `surname`, `email`, `password`, `Status`, `age`, `date`) VALUES
(1, 'Mert', 'Topal', 'merrt.topal@gmail.com', '12345', 0, 74, '2023-02-04 10:43:20'),
(3, 'Kadir', 'Kim', 'kadir@gmail.com', '12345', 0, 77, '2023-02-04 10:47:28'),
(5, 'Taner', 'Kimdir', 'taner@mail.com', '12345', 0, 80, '2023-02-04 10:47:35'),
(6, 'Şükrü', 'Köylü', 'şükrü@mail.com', '12345', 0, 11, '2023-02-04 10:47:45'),
(7, 'Tuncay', 'Kimki', 'tuncay@mail.com', '1234', 0, 55, '2023-02-04 11:02:29'),
(8, 'Kaan', 'Bil', 'kaan@mail.com', '12345', 0, 2, '2023-02-04 11:43:32'),
(9, 'Fati', 'Bil', 'fatih@mail.com', '12345', 0, 2, '2023-02-04 11:43:32'),
(101, 'Erkan', 'Bilmem', 'ngarroway0@auda.org.au', '7JfJR5KY', 0, 6, '2022-08-09 22:51:09'),
(102, 'Erkan', 'Bilmem', 'dmoreno1@house.gov', 'HXVBRjxyTs', 1, 21, '2022-07-10 02:30:17'),
(103, 'Sid', 'Cattle', 'scattle2@sciencedaily.com', 'IIBvboBhe8', 1, 10, '2022-08-18 13:30:50'),
(104, 'Birch', 'Cabrara', 'bcabrara3@hugedomains.com', 'xAsOUXCG', 1, 63, '2022-02-12 12:48:46'),
(105, 'Meade', 'Dabernott', 'mdabernott4@fda.gov', 'LS5QlfPI7Gb', 1, 46, '2022-11-30 03:17:29'),
(106, 'Celia', 'Drivers', 'cdrivers5@businessweek.com', 'FzBz9iKel', 1, 41, '2022-08-17 08:35:27'),
(107, 'Andrei', 'Mountcastle', 'amountcastle6@bandcamp.com', 'tR2AcM', 0, 64, '2022-02-07 15:13:52'),
(108, 'Adina', 'Rappport', 'arappport7@chicagotribune.com', '09mhmDV6', 0, 38, '2022-06-01 15:05:16'),
(109, 'Hubie', 'Nolot', 'hnolot8@unicef.org', 'HYLqGdp', 0, 77, '2022-11-18 22:15:40'),
(110, 'Merrill', 'Carlozzi', 'mcarlozzi9@seesaa.net', 'HWR0wq', 0, 33, '2022-07-25 03:33:06'),
(111, 'Pebrook', 'Bernholt', 'pbernholta@w3.org', 'bdGD1rV6pJG0', 1, 11, '2022-10-03 18:24:30'),
(112, 'Fin', 'Cowles', 'fcowlesb@salon.com', 'AIQkJO', 1, 35, '2022-08-05 19:48:55'),
(113, 'Riobard', 'Padrick', 'rpadrickc@pinterest.com', 'ZPCXCD5viBfb', 1, 64, '2022-06-30 14:42:14'),
(114, 'Minette', 'Aksell', 'makselld@seattletimes.com', 'XvPS8Pm5hUj', 0, 53, '2022-05-05 02:50:23'),
(115, 'Bellina', 'Jojic', 'bjojice@sakura.ne.jp', 'gThldCrYuMa', 1, 71, '2023-01-16 13:47:54'),
(116, 'Nilson', 'Ram', 'nramf@elpais.com', 'fMZMhS', 0, 35, '2022-05-27 11:53:28'),
(117, 'Tess', 'Showers', 'tshowersg@jiathis.com', 'l9LMQJLM56Zo', 0, 44, '2022-10-23 12:42:17'),
(118, 'Iago', 'Rayner', 'iraynerh@tuttocitta.it', 'dM975Q', 0, 32, '2022-03-25 15:46:49'),
(119, 'Ab', 'Storry', 'astorryi@exblog.jp', 'E6QZfftARK9', 0, 30, '2022-06-12 02:25:21'),
(120, 'Margaretta', 'Thompkins', 'mthompkinsj@geocities.jp', '0M4zL3', 1, 53, '2022-04-25 09:18:09'),
(121, 'Bethany', 'Izkovicz', 'bizkoviczk@51.la', '426mYdrB', 0, 15, '2022-07-15 04:39:54'),
(122, 'Freedman', 'Isaacson', 'fisaacsonl@reuters.com', 'pClXQN1U', 1, 74, '2022-06-17 23:19:57'),
(123, 'Anne-marie', 'Leinweber', 'aleinweberm@delicious.com', 'qvj3Z4', 0, 5, '2022-11-12 00:38:46'),
(124, 'Johnette', 'Bisley', 'jbisleyn@mtv.com', '15WcT9yaIy', 0, 44, '2022-10-07 16:57:27'),
(125, 'Ingram', 'Scoyne', 'iscoyneo@arstechnica.com', '7Tr3bkVNH', 1, 43, '2022-08-08 19:52:03'),
(126, 'Cody', 'Siveyer', 'csiveyerp@icq.com', 'qFrSZKuK', 0, 2, '2022-02-05 20:41:13'),
(127, 'Sianna', 'Playden', 'splaydenq@studiopress.com', 'sYHpaFvhJ', 1, 39, '2023-01-24 13:40:31'),
(128, 'Rochella', 'Mair', 'rmairr@wiley.com', 'c6XGmc', 1, 31, '2022-09-05 19:37:13'),
(129, 'Rodolph', 'Johnikin', 'rjohnikins@taobao.com', 'VzA8rwm', 0, 37, '2023-01-18 12:01:38'),
(130, 'Crystie', 'Keightley', 'ckeightleyt@usatoday.com', 'ioulxD0C6rKO', 1, 10, '2023-01-10 04:41:49'),
(131, 'Marcela', 'Bresland', 'mbreslandu@youtube.com', '0GgDJPyMP', 1, 17, '2022-12-11 00:50:32'),
(132, 'Law', 'Arter', 'larterv@etsy.com', '6c80kmU2n', 1, 58, '2022-05-28 12:47:27'),
(133, 'Korney', 'Revie', 'kreview@census.gov', 'sidvod5ZT', 1, 78, '2022-08-13 11:52:36'),
(134, 'Cristionna', 'Stroder', 'cstroderx@ox.ac.uk', 'oNUeP2juF', 1, 56, '2022-03-01 09:54:09'),
(135, 'Dredi', 'Compson', 'dcompsony@bing.com', 'RZxddQk', 1, 43, '2022-09-06 13:55:20'),
(136, 'Gerik', 'Oley', 'goleyz@wufoo.com', 'KrkkbvxT9A', 0, 47, '2022-06-19 04:46:37'),
(137, 'Winnifred', 'Eastcourt', 'weastcourt10@ameblo.jp', 'SmOSGsiof', 0, 24, '2022-04-19 06:56:09'),
(138, 'Dionysus', 'Stichall', 'dstichall11@istockphoto.com', 'QhWrz2', 0, 60, '2023-01-27 06:50:48'),
(139, 'Terri', 'Shayler', 'tshayler12@artisteer.com', '3lPtj66Ze', 0, 67, '2022-04-22 04:09:00'),
(140, 'Timmi', 'Hanham', 'thanham13@cisco.com', 'M1VHrQ', 1, 76, '2022-02-04 18:06:41'),
(141, 'Isabeau', 'Matthaus', 'imatthaus14@chronoengine.com', 'wlPbfDv', 1, 20, '2022-08-05 10:51:27'),
(142, 'Sheilakathryn', 'Staley', 'sstaley15@live.com', 'fDmJ0udC', 0, 28, '2022-02-10 10:14:21'),
(143, 'Eveleen', 'Boots', 'eboots16@drupal.org', 'R7q9zZPW', 1, 1, '2022-10-18 09:38:01'),
(144, 'Freeland', 'Filippucci', 'ffilippucci17@infoseek.co.jp', 'NmI1aXqYHi', 1, 80, '2022-06-12 16:14:42'),
(145, 'Joline', 'Schruur', 'jschruur18@chron.com', 'W3N1aL', 0, 77, '2022-04-25 07:48:44'),
(146, 'Marisa', 'McKag', 'mmckag19@theatlantic.com', 'dMzXxO', 0, 66, '2022-04-18 10:01:16'),
(147, 'Thomasa', 'McGuiness', 'tmcguiness1a@unc.edu', 'GkdODTYey4Ce', 0, 17, '2022-12-12 13:18:46'),
(148, 'Sofia', 'Brigginshaw', 'sbrigginshaw1b@miibeian.gov.cn', 'ePbRMSwHn4CH', 0, 48, '2022-07-10 22:05:14'),
(149, 'Stephenie', 'Gilbody', 'sgilbody1c@patch.com', 'wcA2nqE1cFY', 1, 28, '2022-04-25 17:06:30'),
(150, 'Hazel', 'Rennebach', 'hrennebach1d@ezinearticles.com', 'XUvLu5S', 0, 74, '2022-04-14 13:45:41'),
(151, 'Grier', 'Uglow', 'guglow1e@netvibes.com', 'skV3RDtgD8y', 0, 48, '2022-09-25 17:53:46'),
(152, 'Othelia', 'Dancy', 'odancy1f@cafepress.com', 'LhNoJlo5p', 0, 16, '2022-02-11 18:17:29'),
(153, 'Dilan', 'Silverstone', 'dsilverstone1g@histats.com', 'Bjwo80', 0, 17, '2022-07-03 18:11:55'),
(154, 'Sidoney', 'Black', 'sblack1h@xrea.com', 'DCmsHvhpFirq', 0, 35, '2022-06-22 06:46:50'),
(155, 'Ginevra', 'Ortas', 'gortas1i@wordpress.com', 'ACQQBBpWB', 1, 43, '2022-03-26 04:18:34'),
(156, 'Joann', 'McBean', 'jmcbean1j@altervista.org', 'ujpRuyC8seSu', 0, 30, '2022-05-08 20:32:28'),
(157, 'Doll', 'Paolillo', 'dpaolillo1k@theglobeandmail.com', 'DZNmkLIk', 0, 22, '2022-06-18 00:08:55'),
(158, 'Tawnya', 'Mateu', 'tmateu1l@bizjournals.com', 'zGr8BlRibOR', 0, 17, '2022-04-01 18:28:23'),
(159, 'Ruddy', 'Flintiff', 'rflintiff1m@bloglines.com', 'fXtmqjeMfTfF', 1, 21, '2022-03-15 06:22:17'),
(160, 'Gabby', 'Kleehuhler', 'gkleehuhler1n@bizjournals.com', 'SpNDOq5cMsQ', 1, 51, '2022-08-07 16:47:24'),
(161, 'Giorgio', 'Brightwell', 'gbrightwell1o@fastcompany.com', 'ijBBF5MMKiyG', 0, 31, '2022-02-25 09:47:13'),
(162, 'Rowan', 'Killock', 'rkillock1p@github.io', 'euemmpLvgw', 1, 3, '2022-02-18 02:50:31'),
(163, 'Tremayne', 'Sandham', 'tsandham1q@eepurl.com', 'unGU7BseXk', 0, 3, '2022-10-04 01:38:36'),
(164, 'Carma', 'Jennick', 'cjennick1r@usa.gov', 'tY44FEYpG', 0, 5, '2022-04-11 14:30:27'),
(165, 'Bayard', 'Standidge', 'bstandidge1s@nhs.uk', 'CFe9MZ', 0, 13, '2022-06-08 09:26:31'),
(166, 'Lira', 'Lafuente', 'llafuente1t@behance.net', 'qdTr9CWv', 0, 53, '2022-09-10 14:43:41'),
(167, 'Cherice', 'Joannic', 'cjoannic1u@list-manage.com', '2SqskUXSb', 1, 63, '2022-11-19 06:19:06'),
(168, 'Harwilll', 'Spehr', 'hspehr1v@photobucket.com', 'zYsSL5RQfQn', 1, 75, '2022-03-31 00:39:38'),
(169, 'Frederique', 'Robrow', 'frobrow1w@apache.org', 'nTbxrvYt', 0, 25, '2022-03-19 06:51:45'),
(170, 'Madge', 'Ziemecki', 'mziemecki1x@networksolutions.com', 'lxfIdxsufP6R', 1, 62, '2022-02-20 18:21:22'),
(171, 'Kaitlynn', 'Swalwell', 'kswalwell1y@istockphoto.com', 'Lrp7cY4', 0, 71, '2022-09-07 10:25:57'),
(172, 'Ramsay', 'Canton', 'rcanton1z@disqus.com', 'X0SpUPq', 1, 12, '2022-03-08 18:42:53'),
(173, 'Augie', 'Teaz', 'ateaz20@cpanel.net', 'qkVQdWne49Q', 1, 4, '2022-09-29 07:51:41'),
(174, 'Morlee', 'Bunstone', 'mbunstone21@discovery.com', 'kZFjkOW4h', 1, 62, '2022-08-19 07:28:24'),
(175, 'Yolande', 'Bestwall', 'ybestwall22@github.com', 'FkR8jA4eZb', 1, 60, '2022-07-19 07:12:26'),
(176, 'Rozina', 'Sextone', 'rsextone23@freewebs.com', 'y6jANlY2RYhJ', 0, 34, '2022-02-07 08:02:01'),
(177, 'Nikolai', 'Cowdray', 'ncowdray24@w3.org', '2dut8BSEC7', 0, 71, '2022-09-02 02:54:04'),
(178, 'Lorne', 'Jankin', 'ljankin25@cnbc.com', 'VIIbcE', 0, 10, '2023-01-17 14:21:17'),
(179, 'Corney', 'O\'Reilly', 'coreilly26@independent.co.uk', '6aL6UiF', 0, 79, '2022-12-16 04:20:13'),
(180, 'Holly', 'Kleehuhler', 'hkleehuhler27@netvibes.com', 'kWi43eeZM9', 0, 41, '2022-03-30 15:37:38'),
(181, 'Correy', 'Escot', 'cescot28@nih.gov', '2oG7bZ', 0, 51, '2023-01-11 10:35:08'),
(182, 'Rodi', 'Scottini', 'rscottini29@icq.com', 'O6BAHca96NCD', 0, 51, '2022-12-24 21:20:59'),
(183, 'Jarib', 'Gircke', 'jgircke2a@wikipedia.org', 'Mm9bAiEf', 1, 20, '2022-09-28 22:44:29'),
(184, 'Cecilio', 'Londsdale', 'clondsdale2b@mysql.com', 'tfSv2x', 1, 29, '2022-07-05 23:17:06'),
(185, 'Christoph', 'Gorry', 'cgorry2c@is.gd', 'tI6eDwP', 0, 2, '2023-01-30 20:56:07'),
(186, 'Nicol', 'Franciskiewicz', 'nfranciskiewicz2d@networksolutions.com', 'pGxbfIQ3t9Pf', 1, 2, '2022-09-23 17:52:08'),
(187, 'Krishnah', 'Bodicam', 'kbodicam2e@sbwire.com', 'hZFPuhhvWGqb', 0, 5, '2022-02-11 16:57:55'),
(188, 'Thatcher', 'Johansson', 'tjohansson2f@vk.com', 'uhbveSX7Z', 1, 19, '2022-12-22 08:48:06'),
(189, 'Loretta', 'Culmer', 'lculmer2g@desdev.cn', 'Jw3kRkq6', 0, 79, '2022-12-08 10:56:19'),
(190, 'Fin', 'Overstreet', 'foverstreet2h@uiuc.edu', 't37R78', 0, 16, '2022-08-06 08:56:05'),
(191, 'Vittoria', 'Rowlands', 'vrowlands2i@foxnews.com', 'sctF6omG4', 0, 2, '2022-09-01 11:38:35'),
(192, 'Leoine', 'Vazquez', 'lvazquez2j@ow.ly', 'BzRACt31', 1, 43, '2022-04-20 04:35:10'),
(193, 'Pincas', 'Maytom', 'pmaytom2k@ezinearticles.com', 'PP2ZO8hqTYjg', 1, 46, '2022-04-18 13:40:00'),
(194, 'Dehlia', 'Legrave', 'dlegrave2l@theglobeandmail.com', 'VvpbYIaKvg1T', 1, 24, '2022-11-06 01:53:21'),
(195, 'Alanna', 'Parkey', 'aparkey2m@moonfruit.com', 'VD3E7yJV3L', 0, 61, '2022-11-17 04:43:15'),
(196, 'Giff', 'Ayerst', 'gayerst2n@economist.com', 'maBIYs', 0, 70, '2022-08-03 07:56:15'),
(197, 'Godard', 'Feitosa', 'gfeitosa2o@google.com.br', 'c5Q7fS8T', 1, 8, '2022-11-08 15:58:43'),
(198, 'Rogers', 'Clayill', 'rclayill2p@google.ru', '6wq3ye8DEMA', 1, 68, '2022-11-23 08:33:18'),
(199, 'Redd', 'White', 'rwhite2q@addthis.com', '3W6oPD7h4VK2', 0, 79, '2022-12-19 22:21:52'),
(200, 'Barnebas', 'Patershall', 'bpatershall2r@wufoo.com', 'B1jZiJ2Y15a', 0, 27, '2022-08-24 01:57:38'),
(201, 'Avril', 'Wahncke', 'awahncke2s@a8.net', 'UmLJlfaU3', 0, 59, '2023-01-30 03:19:39'),
(202, 'Briant', 'Blinde', 'bblinde2t@umich.edu', 'sDt72lVk9', 1, 51, '2022-09-14 18:08:00'),
(203, 'Toby', 'Canning', 'tcanning2u@weebly.com', 'PumJhHiIAv', 0, 80, '2022-03-16 22:05:32'),
(204, 'Mab', 'Antusch', 'mantusch2v@ted.com', 'LrTAV1RzkX', 0, 5, '2022-09-22 03:55:33'),
(205, 'Jeddy', 'Riggoll', 'jriggoll2w@forbes.com', 'mcRKzgk0rA0', 0, 24, '2022-02-16 15:54:04'),
(206, 'Daisy', 'Lyons', 'dlyons2x@columbia.edu', 'imhOy00Aid7', 1, 27, '2022-05-20 05:18:46'),
(207, 'Gerek', 'Mansford', 'gmansford2y@archive.org', 'fYSqIE', 1, 62, '2022-06-29 18:00:26'),
(208, 'Pamella', 'Cassells', 'pcassells2z@sitemeter.com', 'kzQTQnS0Ys0', 1, 69, '2022-11-05 17:17:56'),
(209, 'Ringo', 'Yellowlees', 'ryellowlees30@cdc.gov', 'U2ncqtgD6c6', 1, 76, '2022-03-23 15:13:27'),
(210, 'Kailey', 'Warren', 'kwarren31@scribd.com', 'kZBOlOO', 0, 15, '2022-03-22 23:22:48'),
(211, 'Nydia', 'Piffe', 'npiffe32@bravesites.com', '7PxBFYmQ', 0, 5, '2023-02-03 11:17:28'),
(212, 'Liesa', 'Hales', 'lhales33@ow.ly', 'TGXalm4Gw1v0', 0, 59, '2022-03-04 23:31:04'),
(213, 'Stavros', 'Manvelle', 'smanvelle34@etsy.com', 'NPGDxgnIN', 1, 41, '2022-11-29 03:02:48'),
(214, 'Brucie', 'Synnot', 'bsynnot35@tamu.edu', 'crzVCC', 1, 27, '2022-12-23 08:05:17'),
(215, 'Tammi', 'Icom', 'ticom36@youtu.be', 'dF1qkeo', 0, 10, '2022-10-01 15:03:35'),
(216, 'Quent', 'Cabotto', 'qcabotto37@gravatar.com', 'DHKVG0n48', 0, 49, '2022-07-09 15:18:16'),
(217, 'Aubree', 'Westhead', 'awesthead38@walmart.com', 'Y26CJR', 0, 56, '2022-07-06 00:17:26'),
(218, 'Sheila-kathryn', 'Caunt', 'scaunt39@naver.com', 'GVem6W', 0, 53, '2022-04-27 09:23:16'),
(219, 'Rudiger', 'Denzey', 'rdenzey3a@ehow.com', 'eJmL4u', 0, 16, '2023-01-02 07:07:33'),
(220, 'Cassandre', 'Gerleit', 'cgerleit3b@sogou.com', 'wT4qtZIl', 0, 79, '2022-05-08 12:02:59'),
(221, 'Allyce', 'Pidwell', 'apidwell3c@thetimes.co.uk', 'jcWgnH5yn3', 0, 27, '2022-03-27 04:49:35'),
(222, 'Nicola', 'Miroy', 'nmiroy3d@cisco.com', 'B6d3SJFQX', 1, 56, '2022-02-22 07:20:11'),
(223, 'Demetris', 'Byron', 'dbyron3e@studiopress.com', 'haxoCAJcSsMs', 1, 40, '2022-11-30 13:43:58'),
(224, 'Sheelah', 'Licciardiello', 'slicciardiello3f@weibo.com', '39TcCdIb', 0, 30, '2022-09-06 04:33:23'),
(225, 'Ivan', 'Edwardson', 'iedwardson3g@thetimes.co.uk', 'xPA3YCjEq5c5', 1, 31, '2022-07-04 15:05:24'),
(226, 'Lanette', 'Kersaw', 'lkersaw3h@123-reg.co.uk', 'KMM9lg', 1, 65, '2022-10-04 10:34:47'),
(227, 'Thayne', 'Wychard', 'twychard3i@vkontakte.ru', 'qqz30DHsfFxj', 1, 73, '2022-04-10 05:42:52'),
(228, 'Dalis', 'Daburn', 'ddaburn3j@msn.com', 'LCLp7O', 0, 7, '2022-06-24 07:08:03'),
(229, 'Adamo', 'Cowle', 'acowle3k@mayoclinic.com', 'pQRBe5C', 1, 57, '2023-01-11 08:31:52'),
(230, 'Carita', 'Guarnier', 'cguarnier3l@businessweek.com', 'mj8ESXcF', 1, 22, '2022-05-14 20:43:30'),
(231, 'Shalna', 'Hanscome', 'shanscome3m@list-manage.com', 'skWHobz555e', 1, 21, '2022-06-12 15:08:27'),
(232, 'Jenelle', 'Goult', 'jgoult3n@blogtalkradio.com', 'GSWONe116VDo', 1, 38, '2023-01-29 14:59:18'),
(233, 'Mick', 'Gerauld', 'mgerauld3o@example.com', 'jnVV4XES', 0, 47, '2022-10-29 08:46:17'),
(234, 'Addison', 'Robbel', 'arobbel3p@symantec.com', '1lrrWV', 0, 40, '2022-12-26 04:19:01'),
(235, 'Helsa', 'Gresswood', 'hgresswood3q@washingtonpost.com', 'ToGK44N', 1, 60, '2022-05-10 07:45:04'),
(236, 'Dietrich', 'Cavy', 'dcavy3r@nature.com', 'inRIWH', 0, 20, '2022-05-19 10:08:31'),
(237, 'Curcio', 'Eymor', 'ceymor3s@princeton.edu', 'BGdREJkEgx', 1, 76, '2022-06-14 04:40:15'),
(238, 'Karina', 'Matasov', 'kmatasov3t@instagram.com', '1qCGx5q4', 1, 3, '2022-02-15 02:19:45'),
(239, 'Shanon', 'Lofting', 'slofting3u@google.co.jp', 'i6C2mYbqq', 1, 23, '2022-03-12 08:33:59'),
(240, 'Janis', 'Sizeland', 'jsizeland3v@scribd.com', 'OtC6NP8', 0, 28, '2023-01-26 08:26:34'),
(241, 'Townsend', 'Hukin', 'thukin3w@patch.com', 'ejybdc', 0, 69, '2022-08-07 00:32:56'),
(242, 'Ashley', 'Henrichsen', 'ahenrichsen3x@aol.com', '9Dz1f1pcod', 1, 22, '2023-01-02 20:55:45'),
(243, 'Byrann', 'Rodge', 'brodge3y@unc.edu', 'f4SZ5oH3O', 0, 61, '2022-03-02 23:40:56'),
(244, 'Bart', 'Chestnut', 'bchestnut3z@trellian.com', 'R7P4jnAJSE1', 1, 78, '2022-08-31 12:26:22'),
(245, 'Valeria', 'Longcake', 'vlongcake40@cnet.com', 'iCDQp736E05v', 1, 47, '2022-11-04 22:46:28'),
(246, 'Waldemar', 'Hubbucks', 'whubbucks41@sphinn.com', 'Au3AsP', 1, 2, '2022-09-25 01:52:29'),
(247, 'Matelda', 'Peddowe', 'mpeddowe42@tiny.cc', 'gfeKjrH9p8', 1, 29, '2022-08-22 08:01:47'),
(248, 'Pauli', 'Whooley', 'pwhooley43@webmd.com', 'JCgcZtL', 0, 57, '2022-11-11 06:55:36'),
(249, 'Henryetta', 'Sarney', 'hsarney44@squidoo.com', 'rwgfgiV', 1, 40, '2023-01-08 12:48:43'),
(250, 'April', 'Gocke', 'agocke45@uiuc.edu', 'T5sxrCapb8', 0, 25, '2022-09-16 05:40:09'),
(251, 'Blayne', 'Tweed', 'btweed46@europa.eu', '7Jp73Dcz', 0, 6, '2022-10-09 22:50:27'),
(252, 'Giovanni', 'Rohloff', 'grohloff47@apple.com', 'ODYFHVjQ8Uv7', 0, 36, '2022-11-21 06:30:43'),
(253, 'Christine', 'Simonitto', 'csimonitto48@eventbrite.com', 'wATrAC4Kh', 0, 80, '2022-05-08 10:53:13'),
(254, 'Angy', 'Kemery', 'akemery49@miitbeian.gov.cn', 'Q1slMBSzG', 0, 52, '2022-09-19 00:11:28'),
(255, 'Priscilla', 'Burgoyne', 'pburgoyne4a@cdc.gov', '46pAy4PN5BSu', 0, 18, '2022-09-17 01:00:49'),
(256, 'Pearline', 'Tampin', 'ptampin4b@upenn.edu', 'J1ow5sIl', 0, 13, '2022-06-15 17:31:34'),
(257, 'Arlie', 'Tremmil', 'atremmil4c@oracle.com', 'Ez8xfY7IS', 1, 12, '2022-07-17 17:34:33'),
(258, 'Adriaens', 'Gorick', 'agorick4d@infoseek.co.jp', '2P3M27YGt', 1, 18, '2022-04-25 19:55:27'),
(259, 'Pearle', 'Figura', 'pfigura4e@cbc.ca', 'tRHNv6um', 0, 57, '2022-06-18 02:59:46'),
(260, 'Charmian', 'O\' Neligan', 'coneligan4f@epa.gov', 'yUrBreWX4EqR', 0, 69, '2022-07-11 08:03:14'),
(261, 'Marleah', 'Jaqueminet', 'mjaqueminet4g@about.com', '6NyWREVLHEAI', 0, 12, '2022-07-08 18:44:35'),
(262, 'Madalena', 'Egan', 'megan4h@ucsd.edu', 'o88RJmp', 1, 13, '2022-03-06 22:56:13'),
(263, 'Pammy', 'Reddel', 'preddel4i@reddit.com', 'zfFZLANxm2', 0, 29, '2022-12-16 06:05:50'),
(264, 'Vince', 'Ventris', 'vventris4j@redcross.org', 'hjhlSm5Ndp55', 1, 26, '2022-11-20 20:14:05'),
(265, 'Kendell', 'Apple', 'kapple4k@comcast.net', 'WQcUDD', 1, 40, '2022-11-26 09:57:06'),
(266, 'Celestina', 'Yate', 'cyate4l@blog.com', 'n8Sl3kM57iO', 0, 45, '2022-11-17 10:18:05'),
(267, 'Fanechka', 'Smitherman', 'fsmitherman4m@creativecommons.org', 'MYin57v', 0, 21, '2022-08-18 17:31:27'),
(268, 'Carmen', 'Beaumont', 'cbeaumont4n@livejournal.com', 'RON1HzpF', 1, 53, '2022-09-01 10:26:45'),
(269, 'Murielle', 'Peizer', 'mpeizer4o@jugem.jp', 'IktlBHcrdsD3', 0, 40, '2022-07-23 03:24:20'),
(270, 'Boy', 'Cubley', 'bcubley4p@latimes.com', 'AE5E4FiwAVq', 1, 41, '2022-06-02 23:48:05'),
(271, 'Thorn', 'Caselli', 'tcaselli4q@yellowbook.com', 'GCoICbVH', 1, 3, '2023-01-13 02:37:19'),
(272, 'Brandtr', 'Fessby', 'bfessby4r@businessinsider.com', '8sK7eFiX', 1, 53, '2022-09-19 16:06:38'),
(273, 'Renata', 'Guerola', 'rguerola4s@mashable.com', 'vZ9cED8TcY', 0, 13, '2023-01-04 08:48:04'),
(274, 'Wyndham', 'Forsyth', 'wforsyth4t@prlog.org', 'Xdt13BABzKu', 0, 68, '2022-09-22 06:37:20'),
(275, 'Bevin', 'Begin', 'bbegin4u@pen.io', 'eEmagvwl1o', 1, 60, '2023-01-28 14:31:28'),
(276, 'Irena', 'Hiscoke', 'ihiscoke4v@tumblr.com', 'ZTkxq4h', 1, 14, '2022-06-25 07:35:47'),
(277, 'Odell', 'Faughey', 'ofaughey4w@opera.com', 'ymOTFPFz2', 1, 52, '2022-08-13 03:16:00'),
(278, 'Zitella', 'Barnish', 'zbarnish4x@youtube.com', 'z2daSJew8Ue', 0, 58, '2022-06-29 09:39:03'),
(279, 'Annette', 'Posvner', 'aposvner4y@rakuten.co.jp', 'NCq2JUx', 1, 51, '2022-06-01 01:22:42'),
(280, 'Caryl', 'Clack', 'cclack4z@joomla.org', 'Qh8Ubfzh1', 1, 3, '2022-08-17 14:39:53'),
(281, 'Killy', 'Fairham', 'kfairham50@mozilla.org', '8onnLS', 1, 21, '2022-06-15 07:52:39'),
(282, 'Warden', 'Dome', 'wdome51@prnewswire.com', 'R5MlG0vRvv', 0, 13, '2023-01-21 07:12:38'),
(283, 'Malina', 'Hernik', 'mhernik52@imdb.com', 'BBiYZNpyB9', 0, 4, '2022-03-20 15:09:03'),
(284, 'Sonny', 'Hardiman', 'shardiman53@spotify.com', 'Qzf0ACygdld', 0, 61, '2022-04-26 16:00:00'),
(285, 'Jeremiah', 'Chidley', 'jchidley54@japanpost.jp', 'fEyNlpTP', 1, 52, '2022-05-28 21:38:51'),
(286, 'Colver', 'Hosten', 'chosten55@vistaprint.com', 's4xcBa', 1, 77, '2022-09-06 20:34:38'),
(287, 'Jaymee', 'Daens', 'jdaens56@nhs.uk', 'qfJbWiLk', 0, 66, '2022-05-03 17:01:16'),
(288, 'Auroora', 'Verecker', 'averecker57@harvard.edu', '6Dxa4L2', 0, 21, '2022-06-25 20:08:25'),
(289, 'Leonardo', 'Pitkethly', 'lpitkethly58@ucsd.edu', 'BwWgHj2Sw9', 1, 64, '2023-01-19 15:12:13'),
(290, 'La verne', 'Piller', 'lpiller59@theatlantic.com', 'yS5gp8Etwn8', 0, 18, '2022-04-03 06:59:33'),
(291, 'Markos', 'Juorio', 'mjuorio5a@netlog.com', 'NiuyQM', 1, 56, '2023-01-07 07:11:26'),
(292, 'Victor', 'Strachan', 'vstrachan5b@51.la', 'uK4jLa', 0, 65, '2022-03-25 21:59:31'),
(293, 'Mordecai', 'Hamsson', 'mhamsson5c@php.net', '9h8ssohBRfwJ', 0, 78, '2022-03-29 16:42:36'),
(294, 'Boy', 'Heap', 'bheap5d@cmu.edu', 'zs99UXq', 1, 34, '2022-06-02 03:21:56'),
(295, 'Min', 'Futcher', 'mfutcher5e@home.pl', 'l7qTyd', 0, 16, '2022-12-13 09:19:55'),
(296, 'Thedrick', 'Pybus', 'tpybus5f@prlog.org', 'RE1eGJ20', 0, 56, '2023-02-03 15:56:24'),
(297, 'Sue', 'Perks', 'sperks5g@miitbeian.gov.cn', 'kvaYOXGp', 0, 74, '2022-12-04 09:26:40'),
(298, 'Ozzy', 'Carverhill', 'ocarverhill5h@over-blog.com', '7X0Lqeb', 1, 40, '2022-06-09 05:26:28'),
(299, 'Elsbeth', 'Whorlton', 'ewhorlton5i@miibeian.gov.cn', 'hQPvh7pO', 0, 58, '2022-12-31 16:55:45'),
(300, 'Culver', 'McMenamy', 'cmcmenamy5j@moonfruit.com', '01cURf2bRsA', 1, 11, '2022-07-09 15:43:03'),
(301, 'Marylynne', 'Goulbourne', 'mgoulbourne5k@delicious.com', 'K46pqv7DN', 1, 41, '2022-11-21 01:35:10'),
(302, 'Nanete', 'Gerauld', 'ngerauld5l@usda.gov', 'Yq16Qonl', 1, 9, '2022-06-17 18:56:41'),
(303, 'Dion', 'Paulmann', 'dpaulmann5m@hao123.com', 'A969L725VIl', 1, 3, '2022-09-10 20:00:10'),
(304, 'Arne', 'Missen', 'amissen5n@blinklist.com', 'G4uzsgkOrE', 1, 65, '2022-05-04 10:57:07'),
(305, 'Morry', 'Wise', 'mwise5o@bbb.org', 'AQiuGY', 0, 79, '2022-06-23 07:32:20'),
(306, 'Lynelle', 'Richardes', 'lrichardes5p@geocities.com', 'IyoBe0', 1, 36, '2022-10-08 08:56:13'),
(307, 'Enoch', 'Donwell', 'edonwell5q@squarespace.com', 'B965WLbGxc39', 1, 24, '2023-02-02 13:52:41'),
(308, 'Diego', 'Boatwright', 'dboatwright5r@phpbb.com', 'aAE1q1E', 1, 10, '2022-05-02 18:49:24'),
(309, 'Reggy', 'Gypps', 'rgypps5s@independent.co.uk', 'fLQ29Fua', 1, 59, '2022-10-24 18:54:58'),
(310, 'Ronni', 'Hoggan', 'rhoggan5t@nhs.uk', 'YScLihu', 0, 23, '2022-10-15 01:06:00'),
(311, 'Park', 'Tapper', 'ptapper5u@paypal.com', 'JyhTfEnDQcO', 1, 20, '2022-07-23 00:09:03'),
(312, 'Vivienne', 'Kalisz', 'vkalisz5v@ocn.ne.jp', 'VIvt9ocCEy', 1, 28, '2022-02-17 05:12:14'),
(313, 'Dickie', 'Quinnette', 'dquinnette5w@cnbc.com', 'DxDUMxEp', 0, 2, '2023-01-11 14:59:22'),
(314, 'Darya', 'Rozsa', 'drozsa5x@nba.com', '6s3UFlv', 0, 4, '2022-09-23 12:32:32'),
(315, 'Patrick', 'Rochford', 'prochford5y@lulu.com', 'GSptso', 1, 16, '2022-08-20 10:14:57'),
(316, 'Jaymee', 'Mougenel', 'jmougenel5z@angelfire.com', '3PKkG6oBqp', 0, 65, '2023-01-09 13:38:51'),
(317, 'Ibrahim', 'Bannell', 'ibannell60@youtube.com', 'uHECOObld', 1, 36, '2022-11-01 21:29:59'),
(318, 'Brennen', 'Spinnace', 'bspinnace61@telegraph.co.uk', 'ix2wQ8rW', 1, 66, '2022-08-12 03:47:12'),
(319, 'Brandice', 'Robard', 'brobard62@umn.edu', 'RTIXEVV239eL', 1, 62, '2022-04-06 12:15:24'),
(320, 'Anastasia', 'Melanaphy', 'amelanaphy63@drupal.org', 'RyLG2L', 1, 30, '2022-03-26 11:58:27'),
(321, 'Sayres', 'Krauze', 'skrauze64@ucsd.edu', 'DvyTCpqM', 1, 45, '2022-08-21 04:40:10'),
(322, 'Benyamin', 'Clancey', 'bclancey65@illinois.edu', 'Krk9jL5kj', 1, 52, '2023-01-26 00:39:46'),
(323, 'Conni', 'Blewis', 'cblewis66@goo.ne.jp', 'TM4ELJqGx', 1, 45, '2022-05-06 19:44:25'),
(324, 'Barnett', 'Portigall', 'bportigall67@google.com.hk', 'h2Qerv', 1, 71, '2022-11-18 05:12:54'),
(325, 'Nicolai', 'Jacklings', 'njacklings68@paypal.com', 'xkkZGk', 1, 58, '2022-10-31 02:52:54'),
(326, 'Timmy', 'Sims', 'tsims69@sciencedirect.com', '6OzRLION5o', 1, 77, '2022-07-05 15:33:45'),
(327, 'Wernher', 'Horning', 'whorning6a@upenn.edu', 'TV9SMAsx', 0, 50, '2022-04-14 07:07:34'),
(328, 'Victoria', 'Udy', 'vudy6b@google.co.uk', '3I1ooPjsBu9', 0, 20, '2022-08-13 07:46:21'),
(329, 'Baryram', 'Standering', 'bstandering6c@imgur.com', 'FHP3KvHCDyrv', 1, 30, '2022-08-21 19:16:06'),
(330, 'Dave', 'Hargrove', 'dhargrove6d@amazon.de', 'pELz9c3oNC', 1, 9, '2022-10-24 03:51:04'),
(331, 'Stace', 'Blaszkiewicz', 'sblaszkiewicz6e@intel.com', 'sQf1oW', 1, 34, '2022-08-08 10:39:46'),
(332, 'Nickey', 'Reedy', 'nreedy6f@wisc.edu', 'mQj4asV76o2', 1, 64, '2022-07-24 23:34:47'),
(333, 'Darcey', 'Tapscott', 'dtapscott6g@va.gov', '4tNoZpkPbyy', 0, 57, '2022-11-15 14:15:13'),
(334, 'Nate', 'Colling', 'ncolling6h@mit.edu', 'jcDhL11k', 1, 11, '2022-12-21 20:46:41'),
(335, 'Sammy', 'Eddins', 'seddins6i@dedecms.com', '4A6Omx', 1, 45, '2022-07-30 18:00:44'),
(336, 'Christian', 'Talloe', 'ctalloe6j@photobucket.com', 'GZqN5F', 0, 31, '2022-03-07 07:05:26'),
(337, 'Vinnie', 'Tuerena', 'vtuerena6k@skype.com', 'EgCMRJIoGdKy', 0, 19, '2022-02-06 13:46:29'),
(338, 'Betsey', 'Hampshaw', 'bhampshaw6l@godaddy.com', 'rU8q57ETo2sG', 0, 1, '2022-09-14 13:02:17'),
(339, 'Amandie', 'Gebhardt', 'agebhardt6m@reference.com', 'MXVz8A', 1, 27, '2023-01-21 18:04:52'),
(340, 'Bone', 'Balderstone', 'bbalderstone6n@g.co', 'O7oRE9LUG0', 1, 51, '2022-08-09 17:51:19'),
(341, 'Lucius', 'Houliston', 'lhouliston6o@army.mil', '6VGVtOfa', 0, 16, '2022-06-29 18:19:42'),
(342, 'Etan', 'Ewert', 'eewert6p@symantec.com', 'bFpJuWPHq', 1, 4, '2022-04-18 19:24:05'),
(343, 'Rourke', 'Delacourt', 'rdelacourt6q@hud.gov', 'OrznBgjS', 1, 53, '2022-07-26 10:50:10'),
(344, 'Audy', 'MacGowan', 'amacgowan6r@weibo.com', 'hfvrTHUa0yhy', 1, 14, '2022-04-24 15:02:45'),
(345, 'Nonah', 'Thomel', 'nthomel6s@ed.gov', 'jQ51mgt', 1, 69, '2022-09-26 18:24:48'),
(346, 'Marty', 'Relph', 'mrelph6t@sfgate.com', 'g9hdrGN', 1, 61, '2022-10-31 12:55:11'),
(347, 'Elmer', 'Seabridge', 'eseabridge6u@go.com', 'X7oyu0jlZ7Vc', 1, 18, '2022-11-13 09:46:41'),
(348, 'Margalit', 'Lujan', 'mlujan6v@hostgator.com', 'h74w97', 1, 67, '2022-08-17 17:42:05'),
(349, 'Pier', 'Bank', 'pbank6w@geocities.com', 'Npn3yz8e6Z', 0, 42, '2022-09-13 14:06:32'),
(350, 'Renata', 'McAlinion', 'rmcalinion6x@hhs.gov', 'HJ11yokjblw', 1, 9, '2022-03-10 18:27:59'),
(351, 'Nerissa', 'Arnot', 'narnot6y@sakura.ne.jp', 'wJtQttfIIZO', 1, 76, '2023-01-07 19:17:49'),
(352, 'Garfield', 'Smither', 'gsmither6z@ocn.ne.jp', 'Akc5M8', 0, 34, '2022-10-22 13:32:22'),
(353, 'Nathan', 'Mound', 'nmound70@princeton.edu', '9DecNHZopokt', 1, 21, '2023-01-16 21:39:34'),
(354, 'Missie', 'Janatka', 'mjanatka71@ameblo.jp', '2GvQQ1', 0, 1, '2022-04-25 09:04:03'),
(355, 'Joaquin', 'Leet', 'jleet72@posterous.com', '36BrzoVKfnz', 0, 22, '2022-06-26 17:06:40'),
(356, 'Leese', 'Bestwick', 'lbestwick73@admin.ch', 'O9nYyeQQel', 1, 28, '2022-11-13 15:53:58'),
(357, 'Letty', 'Emanuel', 'lemanuel74@msu.edu', '0tX2KZtV', 0, 71, '2022-03-30 11:01:20'),
(358, 'Englebert', 'Ripon', 'eripon75@independent.co.uk', 'M5qsaGrNLAEo', 1, 32, '2022-07-17 16:03:43'),
(359, 'Obidiah', 'Lessmare', 'olessmare76@linkedin.com', 'NCZXBiFjd', 0, 26, '2022-02-11 02:48:54'),
(360, 'Winifield', 'Chmarny', 'wchmarny77@imgur.com', '9fGycUK3', 1, 35, '2023-01-08 17:18:18'),
(361, 'Gustav', 'Scroyton', 'gscroyton78@telegraph.co.uk', 'M7q6YIaG0W', 1, 15, '2022-08-29 04:54:33'),
(362, 'Boyce', 'Dannehl', 'bdannehl79@google.pl', 'r8fPPlbNXB', 1, 49, '2022-09-25 05:05:32'),
(363, 'Sallyann', 'Busfield', 'sbusfield7a@prnewswire.com', 'dN8gI49', 1, 42, '2022-12-25 23:00:59'),
(364, 'Torry', 'Honacker', 'thonacker7b@independent.co.uk', 'uAdKlrke10V', 1, 61, '2022-04-04 18:45:04'),
(365, 'Kele', 'Pretty', 'kpretty7c@reverbnation.com', 'jmpZA7rAo', 1, 20, '2022-02-20 08:35:53'),
(366, 'Addie', 'Pinkstone', 'apinkstone7d@tinyurl.com', '1KMb0siUKU', 0, 74, '2022-12-22 11:50:47'),
(367, 'Bibbie', 'Gillett', 'bgillett7e@nba.com', 'hTYuOHXg', 1, 73, '2022-07-31 21:02:45'),
(368, 'Seth', 'Sallowaye', 'ssallowaye7f@imdb.com', '0nJhD6rB2O', 0, 60, '2022-03-12 11:07:37'),
(369, 'Niven', 'Halmkin', 'nhalmkin7g@ed.gov', '4TFf53zXw', 0, 80, '2022-11-08 01:45:33'),
(370, 'Heddi', 'Duncan', 'hduncan7h@cmu.edu', 'XVsAgdxgaR', 1, 59, '2022-07-10 04:03:47'),
(371, 'Milzie', 'Chippin', 'mchippin7i@barnesandnoble.com', 'TjksSt3t2o3', 0, 54, '2022-09-28 14:10:30'),
(372, 'Steffen', 'Lathey', 'slathey7j@gizmodo.com', 'LCtOQiH', 0, 12, '2022-08-14 13:00:50'),
(373, 'Rudy', 'Bambrugh', 'rbambrugh7k@ftc.gov', 'jGlEPFd4k72C', 1, 59, '2022-11-30 00:23:48'),
(374, 'Esma', 'Hutchings', 'ehutchings7l@wikipedia.org', 'PFGYKkxfS', 1, 20, '2022-07-08 03:08:34'),
(375, 'Mile', 'Heathcoat', 'mheathcoat7m@webnode.com', 'Yt1Lk0lI', 1, 80, '2023-01-18 21:07:51'),
(376, 'Adina', 'Topliss', 'atopliss7n@home.pl', '6OT0cYaDJmNG', 0, 19, '2022-06-15 23:29:58'),
(377, 'Margarette', 'Diggons', 'mdiggons7o@netlog.com', 'lHnxoWWkT', 1, 16, '2023-01-13 08:35:30'),
(378, 'Gretal', 'Marie', 'gmarie7p@ustream.tv', 'UlhaqE', 1, 21, '2023-01-26 16:13:53'),
(379, 'Arlee', 'Thiolier', 'athiolier7q@mlb.com', '0sCSvlQv', 0, 58, '2022-09-05 08:30:58'),
(380, 'Dewitt', 'Skule', 'dskule7r@hp.com', 'r3K3pm7', 0, 65, '2022-04-05 16:22:59'),
(381, 'Elinor', 'Godridge', 'egodridge7s@mayoclinic.com', 'rFAnpg3aK', 1, 71, '2022-08-09 13:38:28'),
(382, 'Alla', 'Titchener', 'atitchener7t@constantcontact.com', 'n5UUKRb', 1, 78, '2022-08-13 19:10:07'),
(383, 'Denni', 'Sarton', 'dsarton7u@people.com.cn', 'zBKGW1xo2X', 0, 16, '2022-12-20 19:00:27'),
(384, 'Corly', 'Sliman', 'csliman7v@ca.gov', 'xCHRHz', 1, 9, '2022-04-21 19:31:39'),
(385, 'Steve', 'Delacourt', 'sdelacourt7w@arstechnica.com', 'C8mQiffG9', 1, 74, '2022-08-22 20:24:34'),
(386, 'Norma', 'Gallichiccio', 'ngallichiccio7x@blog.com', 'yI9E91xZd', 1, 21, '2022-03-18 04:21:15'),
(387, 'Barny', 'Ferrini', 'bferrini7y@t.co', '8Mj2yuGKIWSu', 0, 44, '2022-04-07 06:20:34'),
(388, 'Carolann', 'Elwill', 'celwill7z@creativecommons.org', 'TVXpKhAK', 0, 78, '2022-10-06 20:28:43'),
(389, 'Shayne', 'Seyfart', 'sseyfart80@goo.gl', 'TuJLRm', 0, 16, '2023-01-10 06:50:55'),
(390, 'Carolin', 'Duchenne', 'cduchenne81@smugmug.com', 'OYHketnN', 1, 6, '2022-03-13 23:18:12'),
(391, 'Rodger', 'Goodwins', 'rgoodwins82@shop-pro.jp', 'AEVYsM81', 0, 63, '2022-07-31 14:57:36'),
(392, 'Bev', 'Bissiker', 'bbissiker83@buzzfeed.com', 'ULCG1ZfaW', 0, 56, '2022-10-17 02:51:51'),
(393, 'Annadiane', 'Strelitzer', 'astrelitzer84@fda.gov', 'x7qVGZOtc', 1, 12, '2022-09-19 11:20:47'),
(394, 'Valentijn', 'Giacobelli', 'vgiacobelli85@i2i.jp', 'q5fwFNvob', 1, 50, '2022-04-06 21:04:15'),
(395, 'Zitella', 'Simester', 'zsimester86@tripadvisor.com', '9ew8t5qiRHRr', 0, 55, '2022-03-28 14:08:14'),
(396, 'Lurlene', 'Scannell', 'lscannell87@goodreads.com', '8G4vukyaqM', 1, 42, '2022-10-25 04:19:56'),
(397, 'Emmet', 'Pilkington', 'epilkington88@histats.com', 'BVIfCsGPLQ3', 0, 47, '2023-01-28 18:24:24'),
(398, 'Sofie', 'Shakelade', 'sshakelade89@liveinternet.ru', 'FoskgmUAF', 0, 29, '2022-04-01 15:02:13'),
(399, 'Frankie', 'Yellowlea', 'fyellowlea8a@theatlantic.com', 'AfLaI2', 1, 4, '2022-11-04 02:02:35'),
(400, 'Drusie', 'Ivanyushin', 'divanyushin8b@newyorker.com', 'tIMAsGbd5', 1, 10, '2022-10-16 00:12:46'),
(401, 'Agnes', 'Dewfall', 'adewfall8c@google.cn', 'NnaLeoE8KkB', 0, 38, '2022-07-18 19:31:29'),
(402, 'Tarah', 'Benard', 'tbenard8d@sphinn.com', 'njBu7IdeK', 0, 79, '2022-10-11 18:16:52'),
(403, 'Jean', 'Rogerot', 'jrogerot8e@gizmodo.com', 'V1druTRR6I', 1, 40, '2022-07-07 07:17:51'),
(404, 'Blancha', 'Swallwell', 'bswallwell8f@miibeian.gov.cn', 'XyvlSnJ', 1, 44, '2023-01-23 04:21:01'),
(405, 'Bren', 'Forsdicke', 'bforsdicke8g@unblog.fr', 'ygIxE7C8Y', 0, 19, '2022-08-02 22:17:29'),
(406, 'Bidget', 'Poat', 'bpoat8h@ucla.edu', 'c9cwIpW2oA', 0, 44, '2022-02-27 14:58:44'),
(407, 'Nobe', 'Mouland', 'nmouland8i@cafepress.com', '7T4VFrm7', 1, 3, '2023-01-15 13:16:05'),
(408, 'Idette', 'Catford', 'icatford8j@illinois.edu', '2dxefJ', 0, 41, '2022-09-03 20:50:14'),
(409, 'Yank', 'Leech', 'yleech8k@sbwire.com', 'FZUtbPtz5', 0, 34, '2023-01-01 15:33:24'),
(410, 'Marybelle', 'Patzelt', 'mpatzelt8l@wordpress.com', 'aAepDTC9MHsb', 0, 49, '2023-01-22 12:50:14'),
(411, 'Rozanne', 'Brolly', 'rbrolly8m@ow.ly', 'UaGYeUP', 0, 63, '2022-07-15 20:42:43'),
(412, 'Corenda', 'Seamen', 'cseamen8n@addthis.com', 'ySQKItSSjiiU', 1, 5, '2022-03-29 04:31:24'),
(413, 'Sibley', 'Kiddye', 'skiddye8o@gov.uk', 'hoe8v6sXga', 0, 75, '2022-02-09 22:06:11'),
(414, 'Alayne', 'Vanyashin', 'avanyashin8p@webmd.com', 'IBkmjACAg', 0, 40, '2022-10-07 15:04:43'),
(415, 'Kippy', 'Deane', 'kdeane8q@wsj.com', '8Is1i5G2kszm', 1, 56, '2022-05-03 13:40:33'),
(416, 'Turner', 'Lydiate', 'tlydiate8r@guardian.co.uk', 'tSCoYDdHJy', 1, 77, '2022-12-09 23:53:23'),
(417, 'Raul', 'Meiklejohn', 'rmeiklejohn8s@paypal.com', 'jZnkIrz', 0, 59, '2022-08-04 23:37:06'),
(418, 'Cassie', 'MacDougal', 'cmacdougal8t@ibm.com', 'ao5sx1jf', 1, 64, '2022-10-13 00:15:36'),
(419, 'Baird', 'Welbeck', 'bwelbeck8u@washingtonpost.com', 'MwXou6ec', 0, 61, '2023-01-09 18:48:06'),
(420, 'Hal', 'Lehrian', 'hlehrian8v@gov.uk', 'Ch8M5ar7Ijr', 1, 33, '2022-10-01 02:07:25'),
(421, 'Bev', 'Vedenichev', 'bvedenichev8w@taobao.com', 'fTigeo', 0, 60, '2022-02-18 01:04:23'),
(422, 'Dimitri', 'Haggish', 'dhaggish8x@prweb.com', 'NnvlClS2iCK', 0, 40, '2022-09-18 06:05:44'),
(423, 'Querida', 'Alves', 'qalves8y@ow.ly', 'xWXelzvzg9o', 1, 19, '2022-10-18 02:41:52'),
(424, 'Tommy', 'Terzo', 'tterzo8z@npr.org', 'laGzhHDQZ', 1, 54, '2022-03-21 18:53:34'),
(425, 'Isabelle', 'Rydeard', 'irydeard90@odnoklassniki.ru', 'otl9bP75Tmei', 0, 55, '2023-01-25 02:07:30'),
(426, 'Paco', 'Manssuer', 'pmanssuer91@last.fm', 'ZDJ028fg1oX', 1, 31, '2022-11-11 10:26:29'),
(427, 'Alanson', 'Kensington', 'akensington92@sciencedaily.com', 'n3ouZfaKk', 1, 71, '2022-10-07 08:20:15'),
(428, 'Blondy', 'Cossell', 'bcossell93@cyberchimps.com', '8RaivKwqzfB', 0, 19, '2022-07-17 14:20:35'),
(429, 'Barbie', 'Doget', 'bdoget94@berkeley.edu', 'X7MiqzWH2EH', 1, 42, '2022-09-15 01:25:58'),
(430, 'Rosanna', 'Belison', 'rbelison95@hao123.com', 'JIaGJieiLulV', 1, 71, '2023-01-10 20:54:41'),
(431, 'Brocky', 'Dewey', 'bdewey96@tripod.com', 'Os47Ori2csK', 1, 71, '2022-11-13 02:06:31'),
(432, 'Scottie', 'Erni', 'serni97@ed.gov', 'yr2RXT6', 1, 60, '2022-09-19 02:45:49'),
(433, 'Eadith', 'Hammelberg', 'ehammelberg98@symantec.com', 'pG1qg9xQup', 1, 8, '2022-09-12 07:20:48'),
(434, 'Chauncey', 'Lindwall', 'clindwall99@quantcast.com', 'O5nD3ELT2ZR', 0, 21, '2022-04-21 19:25:43'),
(435, 'Rodd', 'Jedrzaszkiewicz', 'rjedrzaszkiewicz9a@prlog.org', 'NVw509', 0, 77, '2022-12-07 13:40:10'),
(436, 'Alie', 'Zannolli', 'azannolli9b@hhs.gov', 'qsYizcJ3y', 0, 4, '2022-10-14 23:54:19'),
(437, 'Cully', 'Corragan', 'ccorragan9c@chronoengine.com', 'ciqxu8pHAps', 0, 29, '2022-11-25 19:53:52'),
(438, 'Morley', 'Lambal', 'mlambal9d@independent.co.uk', 'uPe01EZAP3', 0, 51, '2022-11-06 08:12:33'),
(439, 'Eloise', 'Grogor', 'egrogor9e@npr.org', 'TyHmBVo8fy', 0, 7, '2022-09-30 16:34:12'),
(440, 'Kenna', 'Elger', 'kelger9f@123-reg.co.uk', 'wXZ2x1', 0, 40, '2022-12-24 05:05:52'),
(441, 'Rafaelia', 'Cordelette', 'rcordelette9g@plala.or.jp', 'i8a4M9kb', 0, 20, '2022-02-18 10:02:03'),
(442, 'West', 'Coode', 'wcoode9h@who.int', 'IKUhwra8MnN', 0, 59, '2022-12-04 05:09:17'),
(443, 'Sarene', 'Hartford', 'shartford9i@omniture.com', 'EkqlG6DC', 0, 76, '2022-10-25 03:14:11'),
(444, 'Dietrich', 'Henstridge', 'dhenstridge9j@eventbrite.com', 'PDn9xhs', 1, 42, '2022-03-21 12:22:48'),
(445, 'Pippy', 'Rocco', 'procco9k@utexas.edu', '3pekUseD', 0, 62, '2023-01-28 05:56:42'),
(446, 'Kimberley', 'Muffin', 'kmuffin9l@sourceforge.net', '9eMURFUivz0', 0, 25, '2022-10-07 21:10:18'),
(447, 'Daryl', 'Springthorp', 'dspringthorp9m@wikia.com', 'kpPdOb4N2S', 0, 17, '2022-06-18 12:41:56'),
(448, 'Launce', 'Cattow', 'lcattow9n@goo.ne.jp', 'kko0Jk5SC7', 0, 9, '2022-02-23 21:35:45'),
(449, 'Leona', 'Tuny', 'ltuny9o@de.vu', 'fHKO2T3DI', 0, 72, '2022-12-31 08:29:39'),
(450, 'Sella', 'Copner', 'scopner9p@apple.com', 'Xw19HY0OZZ', 0, 15, '2023-01-17 07:48:34'),
(451, 'Con', 'Grimsdell', 'cgrimsdell9q@pbs.org', 'BmYVzMqN1', 1, 17, '2023-01-17 04:37:11'),
(452, 'Antonio', 'Gerrie', 'agerrie9r@blogtalkradio.com', 'QQzBBBg7h', 1, 40, '2022-08-10 00:12:00'),
(453, 'Ariadne', 'Cowhig', 'acowhig9s@bing.com', '8sFW7o', 1, 69, '2022-04-30 00:23:00'),
(454, 'Georgena', 'Burchill', 'gburchill9t@cyberchimps.com', 'yj6grIMahU', 0, 64, '2022-07-25 15:00:51'),
(455, 'Giulio', 'Wraith', 'gwraith9u@qq.com', 'fe1w0z', 1, 31, '2022-02-12 23:57:13'),
(456, 'Roxine', 'Norcross', 'rnorcross9v@google.co.jp', 'yYBkYWMBbpBE', 0, 44, '2022-07-25 08:50:08'),
(457, 'Merissa', 'Beecraft', 'mbeecraft9w@google.it', '7MAcLv', 0, 48, '2022-11-07 13:05:08'),
(458, 'Darryl', 'Burdytt', 'dburdytt9x@is.gd', '0hPPIm', 1, 25, '2022-03-17 19:16:24'),
(459, 'Collie', 'Kubatsch', 'ckubatsch9y@reddit.com', 'ElnaPPUq9ffg', 0, 63, '2022-10-03 17:22:10'),
(460, 'Geoff', 'Angove', 'gangove9z@dropbox.com', 'mkb1rUL36', 0, 80, '2022-12-25 22:07:15'),
(461, 'Flint', 'Everly', 'feverlya0@ocn.ne.jp', '5ECHqDnUWhxo', 0, 50, '2022-06-30 00:50:03'),
(462, 'Sherilyn', 'Doorbar', 'sdoorbara1@chicagotribune.com', 'grpj1DTm0FQ', 0, 10, '2022-08-22 20:10:13'),
(463, 'Marisa', 'Grinaway', 'mgrinawaya2@nba.com', '3LRLDzfj3', 0, 59, '2023-01-24 15:40:13'),
(464, 'Husain', 'Batterson', 'hbattersona3@weebly.com', 'oEzFw2UMxd', 1, 23, '2022-10-26 19:51:59'),
(465, 'Rriocard', 'Bartlomiej', 'rbartlomieja4@sciencedaily.com', '9yYNHw', 0, 18, '2022-05-16 01:46:36'),
(466, 'Linn', 'Brimson', 'lbrimsona5@arstechnica.com', 'HV1SlFIZLIw', 1, 21, '2022-12-28 22:21:29'),
(467, 'Christiane', 'McMurrugh', 'cmcmurrugha6@oracle.com', 'jSr79P1gp', 1, 50, '2022-04-12 06:23:28'),
(468, 'Charley', 'Batey', 'cbateya7@eepurl.com', 'ZNRtR9GZG', 1, 29, '2022-04-18 19:50:53'),
(469, 'Cointon', 'Mycock', 'cmycocka8@hibu.com', 'tp5fQ7Fq8Po', 1, 71, '2022-10-28 19:26:53'),
(470, 'Maggie', 'Hammor', 'mhammora9@jimdo.com', 'eiKIFnV', 1, 30, '2022-06-07 06:43:53'),
(471, 'Cassie', 'Saberton', 'csabertonaa@skype.com', 'hHhMAsy0CUs0', 0, 17, '2022-05-04 23:02:48'),
(472, 'Jess', 'Baish', 'jbaishab@foxnews.com', 'WUwQO7', 0, 72, '2022-04-15 11:24:30'),
(473, 'Charisse', 'Josskoviz', 'cjosskovizac@people.com.cn', 'E5n6AZ', 1, 68, '2022-08-04 03:13:26'),
(474, 'Katheryn', 'Dunkley', 'kdunkleyad@netvibes.com', 'R2kKyr1MIXq', 1, 45, '2023-01-24 10:36:31'),
(475, 'Waldon', 'Morewood', 'wmorewoodae@canalblog.com', '51zQAzeblci', 1, 19, '2022-09-27 05:31:36'),
(476, 'Frederick', 'Peppin', 'fpeppinaf@opensource.org', 'ZNXa4PAT', 0, 40, '2022-11-20 08:13:58'),
(477, 'Gustave', 'Dumbrell', 'gdumbrellag@about.com', 'QZfwCJWBfKq4', 0, 64, '2022-11-11 08:29:35'),
(478, 'Cherin', 'Pask', 'cpaskah@quantcast.com', 'rF8EICn5S', 1, 40, '2022-04-06 16:35:58'),
(479, 'Chrissy', 'Goldine', 'cgoldineai@goo.gl', 'gqB2Wl2SEE', 0, 6, '2022-05-04 05:54:24'),
(480, 'Valera', 'Delahunty', 'vdelahuntyaj@skyrock.com', 'W6PX9KkmcLeo', 0, 68, '2022-02-28 16:29:20'),
(481, 'Darci', 'Druce', 'ddruceak@phoca.cz', 'BGepnCy', 1, 3, '2022-09-21 20:42:08'),
(482, 'Daisi', 'Grube', 'dgrubeal@prlog.org', 'GXlkBJ6oque1', 0, 50, '2022-06-30 21:24:43'),
(483, 'Nettle', 'Quodling', 'nquodlingam@webs.com', 'PL9ME4TAOY6', 1, 79, '2022-04-05 23:07:04'),
(484, 'Cass', 'Craker', 'ccrakeran@theglobeandmail.com', 'sYEiWyas', 1, 6, '2022-05-13 14:59:43'),
(485, 'Phylis', 'Doberer', 'pdobererao@microsoft.com', '7y5L3E1kAVG', 1, 33, '2022-02-10 02:37:42'),
(486, 'Karlene', 'Maffucci', 'kmaffucciap@theglobeandmail.com', 'oLSX1OkRomo5', 0, 65, '2022-05-29 09:54:41'),
(487, 'Gilburt', 'D\'Aubney', 'gdaubneyaq@pagesperso-orange.fr', 'K92RyumP', 0, 67, '2022-11-18 01:36:58'),
(488, 'Sioux', 'Persey', 'sperseyar@csmonitor.com', 'gJz5POp', 1, 58, '2022-03-08 12:58:49'),
(489, 'Natty', 'Poter', 'npoteras@ebay.com', 'arEs66UP69oA', 0, 11, '2022-08-15 18:02:11'),
(490, 'Alexandros', 'Fullalove', 'afullaloveat@msu.edu', '1zNVsro31z', 1, 39, '2022-08-19 19:17:57'),
(491, 'Meredeth', 'Monday', 'mmondayau@geocities.jp', 'YVwpFg', 0, 2, '2022-04-02 00:15:23'),
(492, 'Spence', 'Thatcham', 'sthatchamav@newyorker.com', '9bpWc3', 1, 52, '2023-01-29 07:35:31'),
(493, 'Christoph', 'Shear', 'cshearaw@shutterfly.com', '5EnhzzzjC', 1, 12, '2022-03-13 03:33:22'),
(494, 'Haley', 'Norwell', 'hnorwellax@newyorker.com', 'PYItXw', 0, 65, '2022-06-18 04:17:37'),
(495, 'Rosabelle', 'Fryett', 'rfryettay@shareasale.com', 'HNG2GlRzEAA', 1, 50, '2022-08-21 17:47:20'),
(496, 'Etienne', 'Kondratenya', 'ekondratenyaaz@ocn.ne.jp', 'ecfdpF0mr4i', 1, 54, '2022-06-07 06:39:16'),
(497, 'Carmina', 'Keinrat', 'ckeinratb0@histats.com', 'e9K9JHEe', 0, 37, '2022-12-07 09:01:41'),
(498, 'Helenelizabeth', 'Houseley', 'hhouseleyb1@stumbleupon.com', 'JykyNI96JsYE', 1, 23, '2022-08-13 06:22:09'),
(499, 'Denni', 'Turrill', 'dturrillb2@mail.ru', 'boWas853', 1, 5, '2022-10-05 10:35:29'),
(500, 'Krystle', 'Hirthe', 'khirtheb3@cloudflare.com', '2ZHwQ66d2JLw', 0, 37, '2022-04-05 23:31:51'),
(501, 'Isa', 'Smiths', 'ismithsb4@aol.com', 'aO9nDB3Pxkkl', 1, 8, '2022-02-18 17:25:55'),
(502, 'Mitch', 'Greber', 'mgreberb5@loc.gov', 'CZ5mEWq', 1, 9, '2022-04-10 03:29:57'),
(503, 'Harald', 'Chisolm', 'hchisolmb6@vimeo.com', '4EUIijsXPb', 0, 18, '2022-12-21 11:17:37'),
(504, 'Lauraine', 'Krelle', 'lkrelleb7@reverbnation.com', 'gzikPZ', 0, 64, '2022-05-12 05:23:02'),
(505, 'Hetty', 'McLorinan', 'hmclorinanb8@utexas.edu', '5WHKF0SsrD', 1, 26, '2022-09-23 03:29:09'),
(506, 'Caye', 'Yanne', 'cyanneb9@usgs.gov', 'dlYmEW', 1, 17, '2022-05-17 21:50:10'),
(507, 'Pauly', 'Ibbeson', 'pibbesonba@hibu.com', 'AqOP1abOJ', 0, 8, '2023-01-13 16:32:32'),
(508, 'Allen', 'Veall', 'aveallbb@businesswire.com', 'Ud6CtppYC', 1, 67, '2023-02-02 04:00:12'),
(509, 'Tonya', 'Harbach', 'tharbachbc@mapquest.com', 'h0rBf0Z', 0, 72, '2022-12-12 03:40:29'),
(510, 'Weston', 'Mackett', 'wmackettbd@shinystat.com', '8pEjXKI3BQz1', 0, 76, '2023-01-03 17:50:10'),
(511, 'Darin', 'Chrichton', 'dchrichtonbe@ted.com', 'BnZiwUtr70mH', 1, 3, '2023-01-12 16:05:32'),
(512, 'Nathanial', 'Wildey', 'nwildeybf@mediafire.com', 'vACyQDn', 0, 28, '2022-06-18 22:08:20'),
(513, 'Kay', 'Francescoccio', 'kfrancescocciobg@npr.org', 'RyJMpP', 0, 49, '2022-08-20 19:54:10'),
(514, 'Jamal', 'MacNamee', 'jmacnameebh@tinyurl.com', 'DzTjx0PaXrjR', 0, 1, '2022-11-09 17:48:19'),
(515, 'Othelia', 'Harbord', 'oharbordbi@state.gov', 'sgp0mZdLWxU', 0, 19, '2022-12-17 17:53:40'),
(516, 'Budd', 'Dillintone', 'bdillintonebj@newsvine.com', 'BVwEW3', 1, 12, '2022-05-16 07:53:53'),
(517, 'Broderic', 'Wallwork', 'bwallworkbk@goo.ne.jp', 'PnN4f2QOKKA', 0, 2, '2022-11-15 03:45:23'),
(518, 'Wandie', 'Lawerence', 'wlawerencebl@icq.com', '4GVZz3f6', 0, 55, '2023-01-20 22:29:33'),
(519, 'Tilly', 'Bytheway', 'tbythewaybm@forbes.com', 'TxTBvTqtv6', 1, 27, '2022-12-14 00:44:15'),
(520, 'Thurston', 'Fildery', 'tfilderybn@wix.com', 'eyFM9q', 1, 51, '2023-01-07 03:30:01'),
(521, 'Auria', 'Lawrey', 'alawreybo@liveinternet.ru', 'DFnmwM', 0, 11, '2022-08-18 08:20:05'),
(522, 'Chastity', 'Zanolli', 'czanollibp@free.fr', 'DXqJDix', 0, 61, '2023-01-28 23:16:20'),
(523, 'Linoel', 'Shimwell', 'lshimwellbq@sitemeter.com', 'MBBpxdvGLfj6', 1, 31, '2022-04-08 07:38:57'),
(524, 'Gilbertine', 'Cowill', 'gcowillbr@homestead.com', 'vwsLJr1ybK', 0, 52, '2023-01-04 14:32:05'),
(525, 'Midge', 'Feldman', 'mfeldmanbs@slate.com', 'Zbee5t', 0, 5, '2022-10-09 12:48:05'),
(526, 'Zondra', 'Barmby', 'zbarmbybt@eventbrite.com', '78yZDxB', 0, 31, '2022-08-17 15:09:25'),
(527, 'Bearnard', 'Lomis', 'blomisbu@illinois.edu', 'r4lo5a6oeeh1', 1, 58, '2022-07-15 00:29:16'),
(528, 'Chloe', 'Geator', 'cgeatorbv@nifty.com', 'OXKtHq5dytV', 1, 35, '2022-06-25 00:21:28'),
(529, 'Gilemette', 'Assaf', 'gassafbw@yahoo.co.jp', 'gmespo8DCutr', 0, 2, '2022-05-24 01:37:35'),
(530, 'Lil', 'Livsey', 'llivseybx@abc.net.au', 'vfs7Mg', 0, 63, '2022-02-17 11:43:09'),
(531, 'Case', 'Rosenblath', 'crosenblathby@tripadvisor.com', 'lZpDRk', 0, 68, '2022-03-07 12:29:16'),
(532, 'Allina', 'Jiracek', 'ajiracekbz@digg.com', 'cAabCKn', 0, 73, '2022-11-28 09:19:29'),
(533, 'Mina', 'Comelini', 'mcomelinic0@oracle.com', 'KSkaqlZZT', 0, 78, '2023-01-11 08:46:08'),
(534, 'Bax', 'Butson', 'bbutsonc1@businessinsider.com', 'acOCZ7Rk', 0, 11, '2022-07-17 12:00:44'),
(535, 'Joyous', 'Bonnett', 'jbonnettc2@omniture.com', 'pZiHgIMEz', 0, 62, '2022-10-08 10:32:27'),
(536, 'Cymbre', 'Jeffcoat', 'cjeffcoatc3@163.com', 'CWt6jqorc', 0, 36, '2022-09-25 17:09:10'),
(537, 'Pavel', 'Noods', 'pnoodsc4@cbc.ca', 'OqnsSz', 0, 72, '2022-08-26 10:34:56'),
(538, 'Lois', 'Raspin', 'lraspinc5@issuu.com', 'tG9PdD', 1, 10, '2022-05-10 18:57:37'),
(539, 'Holli', 'Tuxell', 'htuxellc6@skype.com', 'K6X0rBfx', 1, 77, '2022-05-20 09:49:41'),
(540, 'Francois', 'Dawbery', 'fdawberyc7@shutterfly.com', '2VQGsnKE', 0, 33, '2022-10-01 10:10:52'),
(541, 'Iris', 'Allom', 'iallomc8@nhs.uk', 'B17nDLjv4Z', 0, 13, '2022-06-08 00:56:46'),
(542, 'Benedetta', 'Ladel', 'bladelc9@squarespace.com', 'qJBbUZ6w', 1, 45, '2022-02-25 22:04:10'),
(543, 'Ichabod', 'Postians', 'ipostiansca@cyberchimps.com', 'DLzxWh5mPrFH', 1, 27, '2022-12-24 17:29:08'),
(544, 'Coop', 'Anslow', 'canslowcb@usda.gov', 'ykD3o3ZUNgX', 0, 77, '2022-11-21 16:10:15'),
(545, 'Camala', 'Bendelow', 'cbendelowcc@wufoo.com', '9fxKLX', 1, 67, '2022-06-03 09:59:30'),
(546, 'Emera', 'Dami', 'edamicd@vimeo.com', 'SmDtlPp', 1, 21, '2022-12-06 18:08:22'),
(547, 'Saul', 'Cream', 'screamce@diigo.com', 'RTLhIbSte', 0, 66, '2022-04-03 00:26:04'),
(548, 'Renell', 'Monaghan', 'rmonaghancf@soup.io', 'pbGiteuxrypL', 1, 25, '2023-01-09 08:15:47'),
(549, 'Guillemette', 'Whitmell', 'gwhitmellcg@salon.com', '3MrxSn1vZj', 1, 6, '2022-10-22 00:45:22'),
(550, 'Spense', 'MacMillan', 'smacmillanch@guardian.co.uk', 'IUQU22QrUKb', 1, 37, '2022-03-10 00:12:01'),
(551, 'Angil', 'Belamy', 'abelamyci@bbb.org', 'LfYno0', 0, 4, '2022-03-17 09:16:58'),
(552, 'Stillmann', 'Mizen', 'smizencj@aboutads.info', '0uk9DNoGIO', 1, 68, '2023-01-28 15:17:50'),
(553, 'Dillon', 'Parbrook', 'dparbrookck@chronoengine.com', 'LsDrA43vXWW', 0, 7, '2022-02-19 07:28:39'),
(554, 'Jase', 'Geraldez', 'jgeraldezcl@printfriendly.com', 'HHEM78Wl7', 1, 70, '2022-03-04 12:15:39'),
(555, 'Rik', 'Bellay', 'rbellaycm@auda.org.au', 'biTPFw', 1, 8, '2022-10-24 02:29:52'),
(556, 'Brok', 'Coase', 'bcoasecn@uol.com.br', 'P8WBWenCDgGP', 1, 70, '2022-04-13 12:17:11'),
(557, 'Barri', 'Greenier', 'bgreenierco@wisc.edu', 'BBHdtq', 0, 6, '2023-01-05 11:00:00'),
(558, 'Gloria', 'Patsall', 'gpatsallcp@paypal.com', '4NqByDoEh', 1, 57, '2022-07-10 20:45:16'),
(559, 'Euphemia', 'Ninotti', 'eninotticq@toplist.cz', 'x1MbZEHTYYw1', 1, 30, '2022-07-12 17:10:08'),
(560, 'Adrienne', 'Maysor', 'amaysorcr@amazon.de', 'Gth78Ooa', 1, 58, '2022-05-01 02:25:41'),
(561, 'Lonee', 'Rau', 'lraucs@nymag.com', 'SwDjE3Zy', 0, 38, '2022-08-10 12:52:14'),
(562, 'Stanfield', 'Fowkes', 'sfowkesct@nytimes.com', 'VCblHuvoCR1', 1, 16, '2022-07-14 00:25:26'),
(563, 'Darcie', 'Tapin', 'dtapincu@icio.us', 'x2vtII', 0, 46, '2022-11-19 02:34:53'),
(564, 'Myrtie', 'Waistall', 'mwaistallcv@merriam-webster.com', 'cluEPK', 0, 21, '2022-12-02 03:38:16'),
(565, 'Malva', 'Dack', 'mdackcw@adobe.com', 'tOYrTvM0E0', 1, 47, '2022-10-16 17:16:06'),
(566, 'Wadsworth', 'Doorbar', 'wdoorbarcx@i2i.jp', 'ldj8G85', 1, 10, '2022-02-28 09:50:09'),
(567, 'Raynell', 'Wainman', 'rwainmancy@yahoo.com', 'KHYIqbfby', 1, 70, '2022-06-29 12:25:34'),
(568, 'Lydon', 'Towsey', 'ltowseycz@scientificamerican.com', 'Tu6ujYEw', 0, 79, '2022-07-25 05:57:03'),
(569, 'Tobi', 'Bottomley', 'tbottomleyd0@dion.ne.jp', 'HCZm4G', 0, 23, '2022-08-06 13:09:36'),
(570, 'Garnette', 'Connachan', 'gconnachand1@buzzfeed.com', 'ICBrrZIRY5r', 1, 38, '2022-12-05 20:31:45'),
(571, 'Vally', 'Wolfenden', 'vwolfendend2@usa.gov', 'q2fYq1JSH', 0, 40, '2022-11-01 14:57:41'),
(572, 'Matelda', 'Tomsa', 'mtomsad3@lulu.com', 'vknVlzD65J', 1, 6, '2022-10-09 20:00:40'),
(573, 'Jaquith', 'Weldrick', 'jweldrickd4@qq.com', 'PmE1VqDD', 0, 72, '2022-12-15 19:08:33'),
(574, 'Wood', 'Bolzen', 'wbolzend5@washingtonpost.com', 'lAX13U6UD', 1, 18, '2022-12-26 09:46:09'),
(575, 'Barnard', 'Korting', 'bkortingd6@tinyurl.com', 'TKmCMcdiHV', 0, 37, '2022-04-14 18:30:15'),
(576, 'Arielle', 'Wyre', 'awyred7@un.org', 'a3BlgwKQ4dTl', 0, 48, '2022-06-21 08:49:00'),
(577, 'Adiana', 'Bennison', 'abennisond8@mayoclinic.com', '9iekZG66h7B', 0, 49, '2022-09-17 20:55:21'),
(578, 'Chrotoem', 'Errett', 'cerrettd9@google.co.jp', 'KNLN55An', 0, 22, '2022-09-07 04:16:45'),
(579, 'Sanderson', 'Pickthall', 'spickthallda@reverbnation.com', 'nA83Z6e4RAU', 1, 41, '2022-11-02 14:28:17'),
(580, 'Dewey', 'Halshaw', 'dhalshawdb@uol.com.br', 'kTf7M2ZGP', 1, 60, '2022-10-04 09:58:38'),
(581, 'Harris', 'McGovern', 'hmcgoverndc@home.pl', 'W8DgZi85Ka5u', 1, 17, '2022-11-08 23:00:24'),
(582, 'Adriano', 'Mallalieu', 'amallalieudd@freewebs.com', 'siY18J9JbF', 1, 62, '2022-07-20 17:52:16'),
(583, 'Latisha', 'Eccott', 'leccottde@uiuc.edu', 'qGg6v7um', 1, 19, '2022-04-22 20:13:45'),
(584, 'Brianna', 'Gebhardt', 'bgebhardtdf@sohu.com', 'svTrM2oJ7R4', 0, 71, '2022-04-01 17:31:49'),
(585, 'Way', 'Blampied', 'wblampieddg@squarespace.com', 'asPe6zaCE', 1, 56, '2022-10-03 13:09:46'),
(586, 'Zaria', 'Mansion', 'zmansiondh@omniture.com', 'eKmmpjuyQad', 0, 66, '2022-09-20 05:15:19'),
(587, 'Leesa', 'Gallone', 'lgallonedi@nbcnews.com', 'JzIvcyX', 0, 80, '2022-06-04 21:30:45'),
(588, 'Braden', 'McKenny', 'bmckennydj@bbc.co.uk', 'tqiyyStfur', 1, 43, '2022-03-28 16:31:40'),
(589, 'Kendre', 'Bliss', 'kblissdk@howstuffworks.com', 'LRA0ms0q', 0, 56, '2022-02-20 03:37:48'),
(590, 'Garrard', 'Toseland', 'gtoselanddl@seattletimes.com', '7F7r2SA7SI', 1, 68, '2022-08-01 08:36:11'),
(591, 'Corena', 'Seale', 'csealedm@rambler.ru', 'zQVKsecu', 1, 12, '2022-07-01 18:53:29'),
(592, 'Lucian', 'Colwill', 'lcolwilldn@zdnet.com', 'odNjbWWBw', 0, 15, '2022-05-08 13:31:22'),
(593, 'Silva', 'Craythorne', 'scraythornedo@mysql.com', '5RBtIRcEXzK', 0, 37, '2022-07-22 20:29:37'),
(594, 'Margery', 'Shurmore', 'mshurmoredp@angelfire.com', 'H5ZagVy5xy0', 0, 63, '2022-06-30 19:23:25'),
(595, 'Rosetta', 'O\'Rodane', 'rorodanedq@nymag.com', '7L7fvp', 0, 40, '2022-04-22 17:34:26'),
(596, 'Gran', 'Trazzi', 'gtrazzidr@cbsnews.com', 'azZIFyTKN5H', 1, 13, '2022-07-27 06:14:55'),
(597, 'Patrizio', 'Karczinski', 'pkarczinskids@goo.ne.jp', '7MTFou1', 0, 25, '2022-09-29 06:02:30'),
(598, 'Marion', 'McPhillips', 'mmcphillipsdt@ameblo.jp', '1amuD9kqRv2', 1, 4, '2022-05-18 18:43:01'),
(599, 'Antone', 'Burnapp', 'aburnappdu@ucla.edu', 'LVRHZ0ONHCcB', 1, 23, '2022-11-11 14:11:37'),
(600, 'Valerye', 'Klesse', 'vklessedv@g.co', 'l2ZGY3DPQ6', 1, 24, '2022-11-27 23:20:52'),
(601, 'Jennica', 'Scocroft', 'jscocroftdw@wikispaces.com', 'WCcsFLwZ', 0, 50, '2023-01-04 09:36:03'),
(602, 'Doroteya', 'Clabburn', 'dclabburndx@abc.net.au', 'yWaTgV', 0, 16, '2022-12-31 21:05:56'),
(603, 'Eugen', 'Gurnell', 'egurnelldy@liveinternet.ru', 'rDt1qE', 1, 11, '2022-07-27 07:39:29'),
(604, 'Brnaby', 'Harden', 'bhardendz@livejournal.com', 'tl6CVgqN5Nrh', 0, 4, '2022-09-29 09:14:30'),
(605, 'Marylou', 'Gurery', 'mgurerye0@usda.gov', 'tEtu33', 0, 70, '2022-04-20 21:05:15'),
(606, 'Ikey', 'Overpool', 'ioverpoole1@soundcloud.com', 'Z8t1bFrFpZz', 0, 16, '2022-11-20 05:17:38'),
(607, 'Ivy', 'Ducham', 'iduchame2@unc.edu', '9nLdCd3xaXW', 0, 31, '2022-10-26 09:18:19'),
(608, 'Heath', 'Earie', 'heariee3@xing.com', 'WxMow9M', 1, 25, '2022-08-19 22:00:17'),
(609, 'Euell', 'Airs', 'eairse4@hatena.ne.jp', 'G4FfEstQ', 0, 30, '2022-04-03 07:08:24'),
(610, 'Mariquilla', 'Sagerson', 'msagersone5@blogtalkradio.com', '3pyrFWhWmb4Q', 1, 77, '2022-06-04 16:11:02'),
(611, 'Teressa', 'Orteaux', 'torteauxe6@constantcontact.com', 'uoOjKV', 1, 53, '2022-08-05 19:13:51'),
(612, 'Angelia', 'Westphal', 'awestphale7@gizmodo.com', 'hQ18K7uso6jS', 1, 36, '2022-06-20 19:11:29'),
(613, 'Ediva', 'Fenlon', 'efenlone8@csmonitor.com', 'xngVMEQXUh', 0, 17, '2022-08-15 19:18:33'),
(614, 'Shirleen', 'Goodband', 'sgoodbande9@symantec.com', 'dVl9foXet', 1, 58, '2022-12-04 11:11:55'),
(615, 'Donalt', 'McGrotty', 'dmcgrottyea@squidoo.com', 'uo7VuV1', 1, 78, '2022-11-02 12:46:43'),
(616, 'Tildie', 'Grindall', 'tgrindalleb@cnet.com', 'CBYcO2xYtvVW', 0, 57, '2022-04-11 14:14:48'),
(617, 'Turner', 'Caro', 'tcaroec@acquirethisname.com', 'r4FLDg', 1, 50, '2022-12-20 13:30:18'),
(618, 'Vale', 'Rubinivitz', 'vrubinivitzed@alibaba.com', 'Y9ScNr', 1, 76, '2022-09-08 03:38:48'),
(619, 'Jessalyn', 'Limpenny', 'jlimpennyee@yahoo.com', 'YjvVItmPfiG', 1, 72, '2022-10-10 10:15:36'),
(620, 'Carol', 'Clausius', 'cclausiusef@tinypic.com', 'O7a3kh5k', 1, 50, '2022-04-16 14:04:13');
INSERT INTO `users` (`uid`, `name`, `surname`, `email`, `password`, `Status`, `age`, `date`) VALUES
(621, 'Roseline', 'Hinemoor', 'rhinemooreg@people.com.cn', 'UpC6A6LhX', 1, 33, '2022-07-29 10:58:21'),
(622, 'Chantal', 'Daly', 'cdalyeh@parallels.com', 'IE1IQomnznz', 1, 14, '2022-08-14 05:26:28'),
(623, 'Ruperto', 'Keme', 'rkemeei@vk.com', 'ZBhFGIUpTuTM', 0, 51, '2022-03-05 02:58:10'),
(624, 'Bethina', 'Seely', 'bseelyej@elpais.com', 'rdKJi5P', 1, 51, '2022-03-22 20:20:23'),
(625, 'Ferdinande', 'Stiebler', 'fstieblerek@cdbaby.com', 't9gqkleHz', 0, 22, '2022-08-24 02:39:39'),
(626, 'Averil', 'Aleksashin', 'aaleksashinel@ucoz.com', 'CaR8D5L', 1, 37, '2022-03-29 03:34:47'),
(627, 'Gaylor', 'Patullo', 'gpatulloem@mail.ru', 'dOuSChzJ', 0, 38, '2022-09-26 01:48:40'),
(628, 'Yettie', 'Belden', 'ybeldenen@clickbank.net', 'BpnhLKQ9', 0, 79, '2022-09-17 07:04:28'),
(629, 'Dexter', 'Lowne', 'dlowneeo@tamu.edu', 'OuAUqMNo', 1, 40, '2022-11-06 19:14:38'),
(630, 'Kort', 'Suddock', 'ksuddockep@theguardian.com', 'pZi2caE', 0, 45, '2022-05-15 20:15:38'),
(631, 'Theodore', 'Domaschke', 'tdomaschkeeq@samsung.com', 'hIocq2', 1, 21, '2022-06-18 14:38:05'),
(632, 'Fanechka', 'Antonin', 'fantoniner@dropbox.com', '38EWj9h5oz', 1, 52, '2022-08-30 11:13:42'),
(633, 'Darice', 'Adshede', 'dadshedees@live.com', 'OaVMCNBv', 1, 35, '2022-10-15 13:10:26'),
(634, 'Gabriellia', 'Strippling', 'gstripplinget@google.de', 'kJnxMbkrjOS', 1, 18, '2022-02-15 01:27:22'),
(635, 'Nicole', 'Axten', 'naxteneu@google.cn', 'zbDPgA', 0, 67, '2022-07-24 17:39:59'),
(636, 'Tedra', 'Grimestone', 'tgrimestoneev@twitter.com', 'JG85Z3BuMCDd', 0, 38, '2022-07-31 19:53:07'),
(637, 'Sela', 'Alelsandrowicz', 'salelsandrowiczew@ucsd.edu', 'hTWWXXGb', 1, 71, '2022-10-24 03:51:32'),
(638, 'Liza', 'Nodes', 'lnodesex@ed.gov', '5Q9FavwMDyrh', 1, 78, '2022-10-07 23:54:50'),
(639, 'Colin', 'Roskelley', 'croskelleyey@cargocollective.com', '109LG8rontpL', 0, 17, '2022-06-30 05:30:14'),
(640, 'Lissa', 'Ollin', 'lollinez@ovh.net', 'ygmu1TK', 1, 9, '2022-12-06 03:11:23'),
(641, 'Georgena', 'Carnow', 'gcarnowf0@prlog.org', 'rqZD27', 0, 76, '2023-01-13 04:15:37'),
(642, 'Chic', 'Defraine', 'cdefrainef1@surveymonkey.com', 'MuWCyj4azw', 0, 32, '2022-06-01 01:19:47'),
(643, 'Cherry', 'Paullin', 'cpaullinf2@ebay.co.uk', 'ubbDkK3A', 1, 11, '2022-04-25 10:21:43'),
(644, 'Artemus', 'Clatworthy', 'aclatworthyf3@mail.ru', '2ToRkwCO', 1, 39, '2022-09-01 23:23:55'),
(645, 'Therese', 'MacAne', 'tmacanef4@prnewswire.com', 'lGBowe', 1, 79, '2022-10-06 01:27:49'),
(646, 'Nady', 'Corbett', 'ncorbettf5@biblegateway.com', 'BdjVekjr1hGZ', 1, 40, '2022-08-20 14:04:47'),
(647, 'Wenonah', 'Snel', 'wsnelf6@indiegogo.com', '0MH6VVA', 1, 43, '2023-01-31 15:55:22'),
(648, 'Ivar', 'Tethcote', 'itethcotef7@ustream.tv', 'ywwH0Mmx6KO', 0, 16, '2022-09-12 09:41:10'),
(649, 'Timmie', 'Litton', 'tlittonf8@springer.com', 'n0YxwOML', 1, 27, '2022-03-01 19:52:02'),
(650, 'Rochester', 'McMichan', 'rmcmichanf9@dropbox.com', 'Zjap0weQv', 1, 7, '2022-06-12 21:52:37'),
(651, 'Janine', 'Goldhawk', 'jgoldhawkfa@digg.com', '1PUqEqEU1VA', 0, 33, '2022-04-07 17:46:14'),
(652, 'Ruthanne', 'Curtoys', 'rcurtoysfb@seattletimes.com', 'sTj0IUa5m', 0, 65, '2022-12-09 21:46:08'),
(653, 'Adora', 'Muskett', 'amuskettfc@storify.com', 'X8Q6aUISmyT', 0, 66, '2022-10-21 14:29:06'),
(654, 'Dudley', 'Lafontaine', 'dlafontainefd@example.com', 'RqH7HPZ5ZeDx', 1, 54, '2022-06-22 16:39:01'),
(655, 'Valina', 'Toppas', 'vtoppasfe@weibo.com', 'G7Fl9N', 1, 72, '2022-11-02 01:44:37'),
(656, 'Blancha', 'Glassford', 'bglassfordff@bing.com', 'WGOv0aQ', 0, 39, '2022-10-15 06:14:21'),
(657, 'Pedro', 'Doorbar', 'pdoorbarfg@unc.edu', 'sc5M4w', 1, 57, '2022-04-08 20:23:32'),
(658, 'Hewe', 'Arderne', 'hardernefh@bandcamp.com', 'BFF6NXhAM8', 1, 8, '2023-01-22 23:22:09'),
(659, 'Justinn', 'Spottiswood', 'jspottiswoodfi@statcounter.com', 'Kb2WYncTnM', 1, 29, '2022-11-03 06:14:00'),
(660, 'Evelyn', 'Gever', 'egeverfj@seesaa.net', 'pGEnTPHGMlGz', 0, 39, '2022-08-09 00:51:55'),
(661, 'Eddie', 'Abbe', 'eabbefk@behance.net', 'VCTBNqDuKMh', 0, 26, '2023-01-05 16:06:41'),
(662, 'Vita', 'Fishlee', 'vfishleefl@photobucket.com', 'GCKKG3geGdM', 1, 15, '2022-06-21 08:35:54'),
(663, 'Dita', 'Alsford', 'dalsfordfm@sourceforge.net', '6V3cTKh', 0, 75, '2022-04-25 14:18:27'),
(664, 'Winni', 'Bantham', 'wbanthamfn@parallels.com', 'Mmsp16p8rQ', 0, 11, '2022-03-05 17:24:24'),
(665, 'Martha', 'Clotworthy', 'mclotworthyfo@google.nl', 'YZCSz6', 1, 69, '2022-05-29 09:50:49'),
(666, 'Brita', 'Andrejs', 'bandrejsfp@addtoany.com', 'nJRnUp79', 1, 71, '2022-05-18 15:09:56'),
(667, 'Blondell', 'Lundie', 'blundiefq@gravatar.com', 'NFcqkpcha', 0, 68, '2022-05-25 09:39:57'),
(668, 'Marmaduke', 'Coulthard', 'mcoulthardfr@weebly.com', 'ioqbCL0e', 1, 46, '2022-03-25 19:03:47'),
(669, 'Karlen', 'Shubotham', 'kshubothamfs@marriott.com', '1HNFnWSsntWK', 0, 28, '2022-02-09 21:32:44'),
(670, 'Oliy', 'Napoleone', 'onapoleoneft@who.int', 'se7XQad', 0, 79, '2022-06-25 04:12:16'),
(671, 'Isis', 'Waterdrinker', 'iwaterdrinkerfu@macromedia.com', 'KLx0Xl', 0, 71, '2022-06-02 02:56:34'),
(672, 'Monty', 'Shailer', 'mshailerfv@tripadvisor.com', 'MI5k3f6', 1, 40, '2022-05-09 20:24:17'),
(673, 'Arri', 'Rivelon', 'arivelonfw@yolasite.com', 'zCFLI8', 0, 63, '2022-07-30 08:40:23'),
(674, 'Sandye', 'Gudgeon', 'sgudgeonfx@qq.com', 'bSDCncKaQQW', 1, 35, '2022-06-24 11:08:36'),
(675, 'Celestina', 'Twelvetree', 'ctwelvetreefy@hatena.ne.jp', 'tDF4Wb6E', 0, 64, '2022-04-17 11:18:14'),
(676, 'Broddie', 'Mardee', 'bmardeefz@japanpost.jp', 'OSczQyXN1B9', 0, 57, '2022-06-11 20:09:08'),
(677, 'Gannon', 'Scamaden', 'gscamadeng0@prweb.com', 'iBuUxpL2RnU', 0, 10, '2022-09-22 16:51:35'),
(678, 'Frederica', 'Drysdell', 'fdrysdellg1@livejournal.com', '24Gr9kIm', 1, 39, '2022-03-10 04:34:17'),
(679, 'Baxy', 'West-Frimley', 'bwestfrimleyg2@woothemes.com', 'KMLvtjIJ', 1, 5, '2022-04-01 22:25:16'),
(680, 'Alvy', 'Orans', 'aoransg3@yandex.ru', 'oxyPM2s3kZ', 0, 68, '2022-02-20 11:36:25'),
(681, 'Thorpe', 'Showl', 'tshowlg4@aboutads.info', 'EGMUL9PC', 0, 3, '2022-05-21 08:06:29'),
(682, 'Eydie', 'Lotwich', 'elotwichg5@telegraph.co.uk', '4DuYY7fJy', 1, 49, '2022-02-20 23:26:24'),
(683, 'Cherish', 'Bright', 'cbrightg6@cdc.gov', 'bLqaFa932AL', 0, 78, '2022-04-06 07:51:32'),
(684, 'Cy', 'Spriddle', 'cspriddleg7@jigsy.com', 'pxwWNBYOtEk', 0, 3, '2022-10-10 10:40:29'),
(685, 'Kimble', 'Cornfoot', 'kcornfootg8@huffingtonpost.com', 'XLmmYWrOGR', 0, 20, '2022-10-10 06:14:29'),
(686, 'Laraine', 'Gaul', 'lgaulg9@reuters.com', 'jT5PJE', 1, 8, '2023-01-29 17:07:47'),
(687, 'Seka', 'O\' Culligan', 'soculliganga@opera.com', 'jCEPzs', 0, 63, '2022-08-16 21:43:17'),
(688, 'Marne', 'Merioth', 'mmeriothgb@4shared.com', 'vQuY1hY8W', 1, 47, '2022-04-23 13:46:53'),
(689, 'Krispin', 'Atte-Stone', 'kattestonegc@eventbrite.com', 'Jhp8nQesDk8', 1, 47, '2022-04-07 07:26:06'),
(690, 'Delia', 'Treagust', 'dtreagustgd@webmd.com', 'S8fU68JKhs', 1, 15, '2022-09-21 21:48:56'),
(691, 'Elwira', 'Carde', 'ecardege@cocolog-nifty.com', 'sBwtzLJBEJp', 1, 14, '2022-07-05 17:06:36'),
(692, 'Thomasa', 'Etuck', 'tetuckgf@symantec.com', 'vRU3WHvcU606', 1, 22, '2022-02-09 07:18:47'),
(693, 'Adda', 'Bezley', 'abezleygg@quantcast.com', 'IrbB7K7j', 0, 70, '2022-06-15 19:40:13'),
(694, 'Tanitansy', 'Reeme', 'treemegh@istockphoto.com', 'CPeEtG', 0, 43, '2022-08-12 19:32:39'),
(695, 'Tadeo', 'O\'Halligan', 'tohalligangi@barnesandnoble.com', 'oydhcAkcs', 1, 3, '2022-08-20 04:17:58'),
(696, 'Lyssa', 'Bleazard', 'lbleazardgj@youtu.be', '6mPqwlQXN', 0, 47, '2022-06-28 23:26:23'),
(697, 'Crawford', 'Flute', 'cflutegk@shutterfly.com', 'KSWdWEUkg', 0, 66, '2022-02-12 23:24:51'),
(698, 'Wilfrid', 'Cadwaladr', 'wcadwaladrgl@storify.com', 'iO8lfuiP4F', 1, 27, '2022-02-08 22:29:13'),
(699, 'Lyle', 'Christley', 'lchristleygm@diigo.com', 'G7SFsWV', 0, 17, '2022-04-19 19:12:10'),
(700, 'Ryon', 'Turn', 'rturngn@netlog.com', 'UUlGRq1L', 1, 5, '2022-12-15 08:47:29'),
(701, 'Emma', 'Melluish', 'emelluishgo@kickstarter.com', 'uTl6r96yD', 1, 51, '2022-03-27 18:28:45'),
(702, 'Isobel', 'Gwilliam', 'igwilliamgp@mozilla.com', 'obCHPP3aN', 1, 79, '2022-11-16 22:59:39'),
(703, 'Aurea', 'Sandes', 'asandesgq@dedecms.com', 'e2CbEX2', 1, 5, '2022-10-03 17:33:30'),
(704, 'Imogene', 'O\'Neal', 'ionealgr@wp.com', 'jQXQCL2MCU', 0, 25, '2022-09-10 12:57:11'),
(705, 'Maryellen', 'Moggach', 'mmoggachgs@cam.ac.uk', 'uvjRhIV7d7Q', 0, 28, '2022-09-08 18:58:23'),
(706, 'Albertina', 'Cuddy', 'acuddygt@nasa.gov', 'XSn6yTv5', 1, 67, '2022-09-12 13:48:38'),
(707, 'Rina', 'Mival', 'rmivalgu@nymag.com', '7od1gm7mN', 0, 9, '2022-09-22 16:22:52'),
(708, 'Bonnee', 'Howood', 'bhowoodgv@privacy.gov.au', 'bSYnazz', 0, 2, '2023-01-17 11:29:31'),
(709, 'Kippy', 'Kennady', 'kkennadygw@hexun.com', 'laNiLIt8t0x', 1, 64, '2022-06-15 13:48:07'),
(710, 'Eyde', 'Jacomb', 'ejacombgx@independent.co.uk', 'UYXrwxy97Fvd', 0, 73, '2022-09-05 06:10:28'),
(711, 'Desirae', 'Ruslinge', 'druslingegy@whitehouse.gov', 'uZiQZwjN9C', 1, 14, '2022-06-13 00:36:59'),
(712, 'Timoteo', 'Josipovic', 'tjosipovicgz@twitter.com', 'fGlJQMUZ1G', 1, 9, '2022-07-01 15:17:02'),
(713, 'Asa', 'Fidgett', 'afidgetth0@time.com', 'MBgjtkiV', 1, 3, '2022-04-21 01:48:04'),
(714, 'Scotti', 'Blaxill', 'sblaxillh1@google.nl', '5oYENaWW', 1, 70, '2022-08-15 08:18:33'),
(715, 'Alexia', 'Melling', 'amellingh2@unc.edu', 'nOBlST3e3G', 1, 17, '2022-04-23 04:14:20'),
(716, 'Pepi', 'Pendrid', 'ppendridh3@theguardian.com', 'emhQetlLJvm6', 1, 35, '2022-09-23 01:33:47'),
(717, 'Julius', 'Breach', 'jbreachh4@plala.or.jp', 'IXYEpHue26', 1, 44, '2022-02-28 15:41:56'),
(718, 'Edie', 'Dalloway', 'edallowayh5@foxnews.com', 'b9YnsydiB8', 1, 33, '2022-02-22 19:11:06'),
(719, 'Stavro', 'Tenant', 'stenanth6@epa.gov', 'VTO3GfWSdv', 1, 35, '2022-09-23 16:50:51'),
(720, 'Wye', 'Foltin', 'wfoltinh7@bizjournals.com', 'npLQu4Oa', 0, 73, '2022-03-19 04:11:35'),
(721, 'Elvyn', 'Tutt', 'etutth8@apache.org', 'OcKDkd5G6UD', 0, 21, '2022-10-16 02:01:35'),
(722, 'Carmen', 'Juggins', 'cjugginsh9@yelp.com', 'sd9OMuz3wX', 0, 46, '2022-09-04 04:38:05'),
(723, 'Robinia', 'Druery', 'rdrueryha@sun.com', '0zasCP4P7Ze', 0, 8, '2022-05-08 21:16:09'),
(724, 'Bernita', 'Kasting', 'bkastinghb@oracle.com', 'xir6Hn', 1, 60, '2022-03-06 06:14:27'),
(725, 'Orv', 'Trematick', 'otrematickhc@auda.org.au', 'C7LzRMpW4', 0, 37, '2022-03-12 22:24:06'),
(726, 'Sharline', 'Beveredge', 'sbeveredgehd@howstuffworks.com', 'OxGP56EH', 0, 4, '2022-11-21 12:40:14'),
(727, 'Beale', 'Bailes', 'bbaileshe@engadget.com', 'QhbHTChuI', 1, 67, '2022-10-31 08:08:32'),
(728, 'Viola', 'Spens', 'vspenshf@google.pl', 'nqHam3pg', 0, 5, '2023-01-20 07:49:54'),
(729, 'Selma', 'Burnep', 'sburnephg@upenn.edu', 'dwEUCB', 1, 63, '2022-03-12 00:09:06'),
(730, 'Dulciana', 'Decroix', 'ddecroixhh@liveinternet.ru', 'RWdyGIWI', 0, 59, '2022-05-23 09:24:27'),
(731, 'Quent', 'Durden', 'qdurdenhi@aol.com', 'j07Ova2QcoL', 0, 26, '2022-09-12 01:56:05'),
(732, 'Barnie', 'MacSween', 'bmacsweenhj@digg.com', 'iFmAWjfC', 0, 34, '2022-04-26 07:41:56'),
(733, 'Joceline', 'Chadney', 'jchadneyhk@usgs.gov', 'OfQhXAbUcE', 0, 11, '2022-03-11 05:10:31'),
(734, 'Austin', 'Behnke', 'abehnkehl@over-blog.com', 'lSPy9gJZLuGK', 0, 30, '2022-08-18 02:33:20'),
(735, 'Elie', 'Blair', 'eblairhm@domainmarket.com', 'ysWgd0', 0, 39, '2022-11-13 21:18:24'),
(736, 'Kelcey', 'Kristiansen', 'kkristiansenhn@liveinternet.ru', 'bUPx1z', 0, 26, '2022-03-30 18:36:50'),
(737, 'Loralee', 'Pill', 'lpillho@bandcamp.com', 'MQ4hcPSkHpH', 0, 10, '2022-11-02 04:49:03'),
(738, 'Tully', 'Mayger', 'tmaygerhp@dyndns.org', '0G9OYrBhUPHS', 1, 50, '2022-05-05 18:40:07'),
(739, 'Fairfax', 'Francklin', 'ffrancklinhq@lycos.com', 'VsSk1nNzO', 1, 62, '2022-08-22 23:05:34'),
(740, 'Arlen', 'Eckley', 'aeckleyhr@sakura.ne.jp', 'Orszgsql1', 1, 79, '2023-01-26 02:36:40'),
(741, 'Darrick', 'Waudby', 'dwaudbyhs@vk.com', 'aZQvGuz', 1, 47, '2022-08-12 19:43:58'),
(742, 'Lurline', 'Dumpleton', 'ldumpletonht@sciencedaily.com', 'X7CcIn', 1, 79, '2022-04-13 00:57:06'),
(743, 'Redford', 'Persian', 'rpersianhu@sbwire.com', 'U92cgJ', 1, 14, '2022-05-14 04:43:57'),
(744, 'Gretal', 'Callicott', 'gcallicotthv@vistaprint.com', 'Y9zt2Cs', 1, 73, '2022-05-05 00:38:45'),
(745, 'Giles', 'Twinberrow', 'gtwinberrowhw@eventbrite.com', 'qPybM2vxdY', 0, 3, '2022-03-08 19:59:54'),
(746, 'Alanson', 'Slobom', 'aslobomhx@furl.net', 'qgAnA5jbZrwO', 1, 35, '2023-01-14 23:01:23'),
(747, 'Catlee', 'Bantham', 'cbanthamhy@csmonitor.com', 'gT8L7C', 0, 5, '2022-08-04 10:17:56'),
(748, 'Janine', 'Wolseley', 'jwolseleyhz@meetup.com', 'I6kb8rmY', 0, 79, '2022-05-27 09:23:15'),
(749, 'Fleur', 'Grelka', 'fgrelkai0@free.fr', 'HKUfU4j', 1, 61, '2022-09-30 11:48:21'),
(750, 'Orson', 'Wakerley', 'owakerleyi1@weebly.com', 'ardp1hGRVNO', 1, 68, '2022-07-17 08:13:35'),
(751, 'Dorie', 'Gritten', 'dgritteni2@joomla.org', 'KppKzY', 1, 74, '2022-05-04 17:18:07'),
(752, 'Chrisy', 'Maffey', 'cmaffeyi3@yandex.ru', 'vJycmlM', 0, 8, '2022-05-18 22:00:13'),
(753, 'Ellary', 'Minero', 'emineroi4@telegraph.co.uk', 'EHPtbcrYF1VO', 0, 57, '2022-07-07 13:32:42'),
(754, 'Riobard', 'Hallgath', 'rhallgathi5@soup.io', 'n9WfR1Q3', 1, 20, '2022-10-04 08:08:04'),
(755, 'Malia', 'Hellicar', 'mhellicari6@ameblo.jp', 'XLZ1R65K', 1, 9, '2022-05-02 02:45:07'),
(756, 'Ianthe', 'Sidebotton', 'isidebottoni7@blogspot.com', 'kY6mI1Or', 1, 65, '2022-07-27 22:40:26'),
(757, 'Mateo', 'Toplin', 'mtoplini8@dion.ne.jp', 'WyNXrhGV0g', 0, 58, '2022-08-30 08:37:25'),
(758, 'Inglebert', 'Andreazzi', 'iandreazzii9@wufoo.com', 'OHP0JgZ', 1, 15, '2022-10-19 21:46:44'),
(759, 'Ron', 'Frere', 'rfrereia@gnu.org', 'dm4m2MFq8zx2', 1, 61, '2022-04-26 14:18:13'),
(760, 'Westbrook', 'Whitington', 'wwhitingtonib@smh.com.au', '1jIWwAI', 1, 17, '2022-11-24 02:50:16'),
(761, 'Findley', 'Matoshin', 'fmatoshinic@bizjournals.com', 'kUxar2yf8PI', 1, 62, '2022-06-16 04:56:04'),
(762, 'Hiram', 'Garard', 'hgarardid@fotki.com', '0RTCmiykEEAz', 1, 20, '2022-08-08 08:51:37'),
(763, 'Evvy', 'Kleehuhler', 'ekleehuhlerie@telegraph.co.uk', 'Omu1zlUdl5Z', 0, 73, '2022-02-26 11:37:46'),
(764, 'Jory', 'Monier', 'jmonierif@bandcamp.com', 'dk1BXgLB', 1, 63, '2022-04-23 15:58:18'),
(765, 'Ciel', 'Simko', 'csimkoig@nhs.uk', 'R11jXtpm5gJq', 1, 18, '2022-07-01 11:13:25'),
(766, 'Farand', 'Ashe', 'fasheih@reddit.com', 'HRV1HwDR9DY', 1, 58, '2022-12-07 19:52:48'),
(767, 'Kati', 'Christin', 'kchristinii@mayoclinic.com', 'fq0nzKrXG', 1, 75, '2022-08-02 18:12:08'),
(768, 'Martita', 'Sproat', 'msproatij@cocolog-nifty.com', 'TZNPvRHburs7', 1, 41, '2022-07-09 11:22:47'),
(769, 'Florie', 'Maier', 'fmaierik@indiatimes.com', 'GwLY4K78mFq6', 1, 58, '2022-03-18 03:45:22'),
(770, 'Marshal', 'Carhart', 'mcarhartil@harvard.edu', 'XaMWbQKml', 1, 9, '2022-06-02 15:34:37'),
(771, 'Lisha', 'Bryers', 'lbryersim@guardian.co.uk', 'uODivwFxkKKi', 1, 32, '2022-04-26 15:16:53'),
(772, 'Lane', 'Van Weedenburg', 'lvanweedenburgin@ezinearticles.com', 'kcNOwlP', 0, 50, '2023-01-20 20:39:55'),
(773, 'Vanni', 'Phinn', 'vphinnio@sciencedirect.com', '5w6MKTTP', 1, 74, '2022-11-13 21:35:04'),
(774, 'Bone', 'Ewan', 'bewanip@altervista.org', 'YAXZXds1rNqf', 0, 59, '2022-08-20 18:42:49'),
(775, 'Koral', 'Kelf', 'kkelfiq@economist.com', 'nunvU47iMIa', 0, 72, '2023-01-26 02:48:25'),
(776, 'Tate', 'Casella', 'tcasellair@paypal.com', '2qk1nhLI9Ea', 0, 25, '2022-09-08 11:37:51'),
(777, 'Lucas', 'Gove', 'lgoveis@people.com.cn', 'hvdbUkJ73Xhf', 1, 67, '2022-10-30 02:45:00'),
(778, 'Kerwinn', 'Ricardo', 'kricardoit@nba.com', 'K8mo9jACws', 1, 18, '2022-10-15 16:26:33'),
(779, 'Cathrin', 'Donlon', 'cdonloniu@umich.edu', 'WGvt8pO1j', 1, 48, '2022-06-20 21:06:30'),
(780, 'Jo-ann', 'Radbourn', 'jradbourniv@geocities.com', 'aF0qDDNeNxL', 0, 25, '2022-09-29 23:46:11'),
(781, 'Sophia', 'Laffling', 'slafflingiw@nymag.com', 'hOxOTV5iC', 1, 62, '2022-08-10 21:08:33'),
(782, 'Dione', 'Summerson', 'dsummersonix@networkadvertising.org', 'ciSKaIIFKk5v', 0, 76, '2022-10-31 20:09:07'),
(783, 'Catherine', 'Gommowe', 'cgommoweiy@netlog.com', '0O6ilL97J3c', 1, 32, '2022-11-12 10:16:25'),
(784, 'Obadias', 'Gerler', 'ogerleriz@cloudflare.com', 'Y6ait3ynK', 0, 12, '2022-08-23 09:48:00'),
(785, 'Pablo', 'Proger', 'pprogerj0@so-net.ne.jp', 'SyqJ8cWfpqfb', 0, 44, '2022-10-19 09:02:09'),
(786, 'Glenda', 'Camelli', 'gcamellij1@hp.com', 'mWV9A6NJC', 0, 21, '2022-08-29 05:25:05'),
(787, 'Sadie', 'O\' Cloney', 'socloneyj2@zdnet.com', 'PsZCR28yVWEd', 0, 55, '2022-04-11 00:53:31'),
(788, 'Devan', 'Kynder', 'dkynderj3@ifeng.com', '85hAwU8K', 0, 52, '2022-08-06 17:52:11'),
(789, 'Kinsley', 'Bairstow', 'kbairstowj4@ibm.com', 'OtzNBJ', 1, 13, '2022-08-28 21:12:17'),
(790, 'Daphne', 'Otteridge', 'dotteridgej5@issuu.com', 'TSLup8', 1, 70, '2022-12-02 07:25:56'),
(791, 'Fowler', 'Meneo', 'fmeneoj6@mediafire.com', '9c6oyvIQo', 0, 71, '2023-01-24 18:32:31'),
(792, 'Teriann', 'Nethercott', 'tnethercottj7@dmoz.org', 'Rpd3bTaJgfx7', 0, 64, '2022-05-01 01:03:46'),
(793, 'Lars', 'Connew', 'lconnewj8@addthis.com', 'DsxABK8Ik', 0, 27, '2022-03-23 17:01:31'),
(794, 'Lura', 'Rosenberg', 'lrosenbergj9@goo.ne.jp', 'SoYVhoREsECM', 0, 23, '2022-11-29 02:53:10'),
(795, 'Kelsi', 'Cavozzi', 'kcavozzija@bravesites.com', 'OFdZgiQMbbj5', 0, 34, '2022-03-30 23:14:10'),
(796, 'Hollis', 'Barstock', 'hbarstockjb@ovh.net', 'LJUufqQDRxSW', 1, 18, '2022-10-02 19:30:12'),
(797, 'Guthry', 'Harriskine', 'gharriskinejc@sbwire.com', 'wozjRUCf', 1, 68, '2023-02-02 03:09:38'),
(798, 'Jilleen', 'Cordier', 'jcordierjd@upenn.edu', 'EKKT8E6R', 0, 45, '2022-10-07 10:22:33'),
(799, 'Geoff', 'Hansley', 'ghansleyje@myspace.com', '8VBCQo', 1, 22, '2022-08-21 11:10:52'),
(800, 'Cullan', 'Washbrook', 'cwashbrookjf@google.com.br', 'GTUckjVIb3Ma', 1, 53, '2022-04-15 12:12:26'),
(801, 'Clarance', 'Waggatt', 'cwaggattjg@infoseek.co.jp', 'vSshNj1Xhs', 1, 41, '2023-01-01 13:54:32'),
(802, 'Noni', 'Aberhart', 'naberhartjh@addtoany.com', 'mKfI7G1WU', 0, 44, '2022-03-09 14:32:50'),
(803, 'Aurora', 'Maciak', 'amaciakji@feedburner.com', 'fJzc3snSXQnz', 0, 18, '2022-09-20 19:19:33'),
(804, 'Fabio', 'Von Brook', 'fvonbrookjj@csmonitor.com', '4dBwbJ8vdtz9', 0, 35, '2022-05-12 01:25:02'),
(805, 'Max', 'Kastel', 'mkasteljk@hostgator.com', 'blaJkL', 1, 40, '2023-01-04 21:40:25'),
(806, 'Appolonia', 'Crimmins', 'acrimminsjl@linkedin.com', 'lGMnY1dOqihq', 0, 17, '2022-02-20 23:36:39'),
(807, 'Chloris', 'Alesi', 'calesijm@ow.ly', 'TRl2J6P', 0, 42, '2022-05-01 19:32:28'),
(808, 'Desmund', 'Esom', 'desomjn@google.ca', 'CqcKgp4gJP', 0, 1, '2023-01-08 01:24:27'),
(809, 'Bord', 'Parbrook', 'bparbrookjo@live.com', 'vq3Uo6mlsLM2', 1, 37, '2022-10-22 15:50:09'),
(810, 'Jeff', 'Gerish', 'jgerishjp@biblegateway.com', 'zR9qye', 1, 22, '2022-08-08 03:46:54'),
(811, 'Camella', 'McAdam', 'cmcadamjq@joomla.org', 'bI1QFqgt', 1, 78, '2022-10-30 21:08:53'),
(812, 'Davey', 'Rachuig', 'drachuigjr@rakuten.co.jp', '4jDQF4DKqvDn', 1, 3, '2022-05-08 13:23:17'),
(813, 'Melany', 'Attrey', 'mattreyjs@columbia.edu', '50qvoGB', 1, 22, '2022-03-19 04:38:41'),
(814, 'Uriah', 'Conradsen', 'uconradsenjt@istockphoto.com', 'sSpjc6xq3nCs', 0, 20, '2022-12-18 15:01:44'),
(815, 'Babette', 'Cornewell', 'bcornewellju@cafepress.com', 'E5MbAO40', 0, 33, '2022-07-21 17:35:25'),
(816, 'Rozina', 'Hambatch', 'rhambatchjv@weibo.com', 'qjiekoG', 0, 26, '2022-07-25 13:54:55'),
(817, 'Alvie', 'Pagan', 'apaganjw@stumbleupon.com', 'vk7Mj7mNQvRc', 0, 28, '2022-03-03 16:30:21'),
(818, 'Sayres', 'Dowdeswell', 'sdowdeswelljx@princeton.edu', 'T0a2ziZ3x', 1, 63, '2022-10-30 19:07:07'),
(819, 'Alleyn', 'Grattan', 'agrattanjy@addthis.com', 'LmnVDDSUiXF', 0, 70, '2022-11-26 01:57:25'),
(820, 'Ferris', 'Kees', 'fkeesjz@nifty.com', 'SBs8Ox2', 0, 3, '2022-02-08 14:57:53'),
(821, 'Brady', 'Slowly', 'bslowlyk0@illinois.edu', 'ypbo0tQ', 0, 41, '2023-01-15 21:45:25'),
(822, 'Shandeigh', 'Frend', 'sfrendk1@blogger.com', 'V6Qiqvt', 1, 36, '2022-08-08 15:52:52'),
(823, 'Astrid', 'Styan', 'astyank2@usa.gov', 'bayCyyLD3f', 1, 56, '2022-09-01 10:15:04'),
(824, 'Celine', 'Fumagall', 'cfumagallk3@mayoclinic.com', 'MmBxkNZvb4', 0, 12, '2022-03-30 05:35:53'),
(825, 'Rolf', 'Goodge', 'rgoodgek4@google.com.br', 'Z9bDr0zt559', 0, 52, '2022-08-10 19:36:22'),
(826, 'Bendicty', 'Sigars', 'bsigarsk5@parallels.com', 'qUklRl', 1, 64, '2022-03-31 00:24:23'),
(827, 'Toddie', 'Mathers', 'tmathersk6@a8.net', 'IFPlhfG6hz', 1, 4, '2022-05-18 04:18:13'),
(828, 'Creighton', 'Lorie', 'cloriek7@storify.com', '4GTwXV1FX', 1, 68, '2022-08-21 09:25:55'),
(829, 'Eleen', 'Jertz', 'ejertzk8@topsy.com', 'ujwtxKiEHxC', 0, 6, '2022-05-13 07:53:20'),
(830, 'Sholom', 'Perview', 'sperviewk9@facebook.com', '59RPukm', 0, 66, '2022-02-06 19:21:12'),
(831, 'Elsi', 'De la Zenne', 'edelazenneka@wiley.com', 'cm6w9r', 1, 70, '2022-09-06 02:35:54'),
(832, 'Helge', 'Wise', 'hwisekb@mapquest.com', 'ORd2KM', 1, 73, '2022-12-24 11:35:55'),
(833, 'Cindelyn', 'Christophers', 'cchristopherskc@elpais.com', '6uTSQC5NGC', 0, 76, '2022-03-25 08:24:40'),
(834, 'Melony', 'Lodevick', 'mlodevickkd@auda.org.au', 'replZTU', 1, 78, '2022-03-15 22:42:38'),
(835, 'Emmeline', 'Shark', 'esharkke@si.edu', 'eh96a0gtLV', 1, 2, '2022-06-19 17:29:22'),
(836, 'Kaitlyn', 'Mearns', 'kmearnskf@myspace.com', 'xp9BeFriyaNw', 0, 14, '2022-05-26 05:03:11'),
(837, 'Finley', 'Sitlington', 'fsitlingtonkg@mlb.com', '3TlYS3M9na', 1, 64, '2022-08-06 09:50:06'),
(838, 'Mariele', 'McPharlain', 'mmcpharlainkh@typepad.com', 'dirnfQlReI', 1, 37, '2022-05-17 22:35:19'),
(839, 'Betsy', 'Iley', 'bileyki@toplist.cz', '9npv9jY7I', 1, 73, '2022-06-07 03:03:51'),
(840, 'Wiley', 'Poltone', 'wpoltonekj@zdnet.com', 'N5cZ5v', 0, 16, '2022-05-09 11:27:43'),
(841, 'Ninnetta', 'Leneve', 'nlenevekk@w3.org', '9AxoHMkz3fy', 1, 17, '2022-03-16 08:17:02'),
(842, 'Morley', 'Dunnion', 'mdunnionkl@hugedomains.com', '9chFZT5Lx', 1, 37, '2022-08-26 19:44:24'),
(843, 'Hervey', 'Jakucewicz', 'hjakucewiczkm@hhs.gov', 'ah5fDBE', 1, 56, '2022-10-06 15:07:59'),
(844, 'Hermione', 'Gulston', 'hgulstonkn@nydailynews.com', 'dM9Sr74O', 1, 8, '2023-01-10 02:44:24'),
(845, 'Garvin', 'Noddings', 'gnoddingsko@eventbrite.com', 'WwuGcda6Q7GF', 0, 30, '2022-11-29 12:32:58'),
(846, 'Gal', 'Hindmore', 'ghindmorekp@simplemachines.org', 'BKW6jYx', 0, 47, '2022-07-10 17:10:08'),
(847, 'Bryana', 'Trimming', 'btrimmingkq@jigsy.com', 'FwVWga7NXh', 0, 65, '2023-01-26 09:23:20'),
(848, 'Francesca', 'Arenson', 'farensonkr@nationalgeographic.com', 'JHETAPEdIG4', 1, 24, '2022-09-17 12:18:28'),
(849, 'Mara', 'MacGhee', 'mmacgheeks@army.mil', 'sfxgHFtQ62d', 0, 4, '2022-09-25 18:32:39'),
(850, 'Bronnie', 'Raddin', 'braddinkt@microsoft.com', 'deb3UJz', 0, 29, '2023-01-26 12:24:32'),
(851, 'Creighton', 'Pryn', 'cprynku@yandex.ru', 'DxU9Sj0sP8kH', 0, 49, '2022-05-31 01:09:20'),
(852, 'Rozella', 'Blind', 'rblindkv@auda.org.au', 'cYJii4ayJ7Re', 1, 80, '2022-07-07 22:57:45'),
(853, 'Huey', 'Ovitts', 'hovittskw@multiply.com', 'vwzglV4T', 0, 11, '2022-02-12 15:52:51'),
(854, 'Phillida', 'Ollie', 'polliekx@trellian.com', 'nwhso5gy', 1, 57, '2022-08-21 12:37:49'),
(855, 'Corilla', 'Whitington', 'cwhitingtonky@google.it', 'imwEKwgP', 0, 10, '2022-11-01 02:12:13'),
(856, 'Lucila', 'Pearl', 'lpearlkz@hexun.com', 'FiGIhr', 0, 40, '2022-07-29 05:46:18'),
(857, 'Luella', 'Willshaw', 'lwillshawl0@home.pl', 'AUoehoEKLlk', 0, 8, '2022-02-27 05:25:36'),
(858, 'Stewart', 'Bothie', 'sbothiel1@google.cn', 'Ebuyve', 1, 79, '2022-10-29 20:42:15'),
(859, 'Sig', 'Laxe', 'slaxel2@thetimes.co.uk', 'Kbfn7qLxenEI', 1, 49, '2022-06-26 08:35:38'),
(860, 'Briana', 'Bullier', 'bbullierl3@github.com', 'RCfZoC', 1, 10, '2023-01-03 01:35:03'),
(861, 'Othelia', 'Monkman', 'omonkmanl4@ftc.gov', 'AyXj2BFwvOa5', 0, 60, '2022-09-24 21:35:53'),
(862, 'Sharia', 'Cuschieri', 'scuschieril5@tuttocitta.it', 'Md0mMxJ7Ff', 0, 32, '2022-06-25 04:33:37'),
(863, 'Thomas', 'Cavalier', 'tcavalierl6@parallels.com', 'VPTcHnz', 0, 59, '2022-05-28 01:07:04'),
(864, 'Jammie', 'Attkins', 'jattkinsl7@google.fr', '7YEIQjktPmA', 1, 37, '2022-10-05 20:28:13'),
(865, 'Faydra', 'Airth', 'fairthl8@amazonaws.com', 'pJ3NxF0Y2K9', 0, 7, '2022-10-27 16:00:20'),
(866, 'Tricia', 'Grimsley', 'tgrimsleyl9@weebly.com', 'gxT2biBCpvuu', 0, 4, '2022-02-17 07:52:11'),
(867, 'Michale', 'McAughtrie', 'mmcaughtriela@google.ca', 'iDC4x8', 0, 77, '2022-10-28 01:09:18'),
(868, 'Sarette', 'Rubinchik', 'srubinchiklb@cafepress.com', 'VRXMKoxuktRC', 1, 53, '2022-04-07 07:08:59'),
(869, 'Noah', 'Flight', 'nflightlc@hc360.com', 'G7xZPre', 1, 32, '2022-09-24 12:04:05'),
(870, 'Bordie', 'Orford', 'borfordld@sohu.com', '17ZraZ3nS', 1, 2, '2022-12-15 00:57:40'),
(871, 'Sadella', 'Krishtopaittis', 'skrishtopaittisle@about.me', 'kwCrP1aX5LP', 0, 73, '2022-05-22 21:51:38'),
(872, 'Germain', 'Lambe', 'glambelf@un.org', 'mN8xl7lO', 1, 38, '2022-05-19 08:06:17'),
(873, 'Dora', 'Boij', 'dboijlg@tmall.com', 'LIxVFBX', 0, 52, '2022-04-05 06:38:06'),
(874, 'Reggis', 'O\'Dunneen', 'rodunneenlh@cafepress.com', 'Q86UIGjMLIBc', 1, 65, '2022-04-24 14:58:36'),
(875, 'Siffre', 'Selborne', 'sselborneli@about.me', 'pEHfTvja0', 0, 10, '2022-10-30 07:20:42'),
(876, 'Flin', 'Simmell', 'fsimmelllj@symantec.com', 'Cep4SXxdV', 1, 15, '2022-11-11 05:28:50'),
(877, 'Linnie', 'Purslow', 'lpurslowlk@slashdot.org', 'l7uBrM5g', 0, 43, '2022-03-13 02:58:45'),
(878, 'Elaina', 'Aizikov', 'eaizikovll@sourceforge.net', 'q30TdWqaBEI', 1, 8, '2022-05-02 21:49:16'),
(879, 'Jaine', 'Camelin', 'jcamelinlm@quantcast.com', 'mZq1wFQblc5x', 1, 71, '2022-10-29 02:33:40'),
(880, 'Guthrie', 'Trynor', 'gtrynorln@noaa.gov', '74i31KKJ8d', 1, 9, '2022-04-05 22:33:02'),
(881, 'Nikita', 'Cornilleau', 'ncornilleaulo@hugedomains.com', 'B8F8XGVbv', 1, 73, '2022-12-31 20:17:23'),
(882, 'Christoffer', 'Yardley', 'cyardleylp@nyu.edu', '8Ap6zqi', 0, 19, '2022-10-01 17:28:28'),
(883, 'Cristiano', 'Carrett', 'ccarrettlq@google.com.hk', 'yD8o2uh8yX', 0, 34, '2022-12-09 23:06:47'),
(884, 'Kennett', 'Cowden', 'kcowdenlr@ft.com', '2dXKE7dS5', 1, 33, '2022-11-19 19:50:02'),
(885, 'Papagena', 'Karpfen', 'pkarpfenls@utexas.edu', '56tB8Z', 0, 60, '2023-01-04 04:01:15'),
(886, 'Danna', 'Siverns', 'dsivernslt@sina.com.cn', 'j1lJ8v', 0, 43, '2022-06-03 21:44:28'),
(887, 'Ethelred', 'Luberti', 'elubertilu@va.gov', '0hf6wRITd', 0, 36, '2022-06-14 04:20:01'),
(888, 'Deny', 'Rawson', 'drawsonlv@accuweather.com', 'BGzUTq4', 1, 49, '2022-06-17 00:36:45'),
(889, 'Catriona', 'Cradick', 'ccradicklw@bing.com', 'lcXQrBw', 0, 57, '2023-01-31 16:02:26'),
(890, 'Janet', 'Cousins', 'jcousinslx@uol.com.br', '3QXJ14A', 0, 57, '2022-09-10 18:21:02'),
(891, 'Maryellen', 'Emmert', 'memmertly@japanpost.jp', '3fC6RxAj', 1, 32, '2022-05-26 17:29:30'),
(892, 'Hinda', 'Fawlo', 'hfawlolz@gmpg.org', 'Ag6PhSCmd5t', 1, 69, '2023-01-05 06:23:43'),
(893, 'Rayner', 'Rubinchik', 'rrubinchikm0@sphinn.com', 'AQm6coeP', 0, 10, '2022-03-27 09:09:13'),
(894, 'Zane', 'Stolle', 'zstollem1@nyu.edu', 'MyGhycAMu', 1, 1, '2022-02-23 22:16:55'),
(895, 'Kamillah', 'Dzenisenka', 'kdzenisenkam2@example.com', '0lFykVMAg544', 1, 57, '2022-05-16 21:14:44'),
(896, 'Keenan', 'Tabbitt', 'ktabbittm3@webmd.com', 'UNnIg0F', 1, 39, '2022-06-05 18:23:02'),
(897, 'Charline', 'Kneeshaw', 'ckneeshawm4@deliciousdays.com', 'fBsW7T8wyta', 0, 24, '2022-08-04 22:30:08'),
(898, 'Torrance', 'Varran', 'tvarranm5@shop-pro.jp', 'tm6PWh0EFiT', 1, 2, '2022-02-13 01:58:55'),
(899, 'Diarmid', 'Gurnay', 'dgurnaym6@blogs.com', 'YgG7OAYZx0rs', 0, 20, '2022-09-20 15:07:06'),
(900, 'Keelia', 'Gornar', 'kgornarm7@si.edu', 'mNZDRn4ABj', 1, 11, '2022-10-16 19:13:09'),
(901, 'Lombard', 'McGavin', 'lmcgavinm8@desdev.cn', 'K5iX85I3JHd', 1, 75, '2022-08-12 15:55:44'),
(902, 'Helen', 'Iwanowicz', 'hiwanowiczm9@ed.gov', 'mf7Tptdg8tX', 0, 22, '2022-08-29 08:12:37'),
(903, 'Nester', 'Klimschak', 'nklimschakma@constantcontact.com', 'lYE3Hk3d', 0, 42, '2022-11-30 17:21:24'),
(904, 'Kynthia', 'Rhymer', 'krhymermb@dailymotion.com', 'hm5scU4d', 0, 66, '2022-07-23 17:46:38'),
(905, 'Starr', 'Meiklem', 'smeiklemmc@chron.com', 'u3f4VvF', 1, 44, '2022-07-27 09:54:27'),
(906, 'Oralee', 'Dunkerly', 'odunkerlymd@freewebs.com', 'xiFLEpLG1znp', 0, 21, '2022-05-17 19:55:53'),
(907, 'Estelle', 'Harte', 'eharteme@gnu.org', 'lHHjzJcVS0', 1, 54, '2022-02-22 12:19:18'),
(908, 'Neron', 'Heaton', 'nheatonmf@weibo.com', 'KfaMLjxedB', 0, 45, '2022-08-15 10:56:33'),
(909, 'Arlen', 'Trusty', 'atrustymg@google.it', 'TIQeUVBeXjg', 0, 62, '2022-09-23 00:19:38'),
(910, 'Amandy', 'Reckless', 'arecklessmh@kickstarter.com', 'cVokJPfwN2', 1, 13, '2022-10-25 06:43:14'),
(911, 'Drucie', 'Keasy', 'dkeasymi@xinhuanet.com', 'fnDPYjS5', 0, 40, '2022-04-04 14:42:04'),
(912, 'Jacquette', 'Mallabar', 'jmallabarmj@nyu.edu', '47dkRyi2iDZh', 0, 1, '2022-12-14 09:56:31'),
(913, 'Zita', 'Saye', 'zsayemk@jiathis.com', 'sTAZ1Jdouz10', 1, 43, '2022-06-14 11:06:49'),
(914, 'Ashien', 'Balnaves', 'abalnavesml@cbsnews.com', 'swru9aSqg', 1, 50, '2022-03-24 00:35:33'),
(915, 'Beverley', 'Timewell', 'btimewellmm@stumbleupon.com', 'mwZbSaCgN', 1, 44, '2022-05-02 19:16:46'),
(916, 'Jillie', 'Hastie', 'jhastiemn@ovh.net', '1lI6NC', 1, 67, '2022-08-15 10:00:47'),
(917, 'Grover', 'Brommage', 'gbrommagemo@marketwatch.com', 'pVhIAxkJLr', 0, 44, '2022-08-24 13:35:23'),
(918, 'Codie', 'Scarse', 'cscarsemp@hp.com', 'rEd1fUr', 0, 18, '2022-08-01 09:40:53'),
(919, 'Crysta', 'Caunce', 'ccauncemq@surveymonkey.com', 'qxb0F6', 1, 38, '2022-12-31 22:32:13'),
(920, 'Cammy', 'Mallord', 'cmallordmr@chron.com', '4S78FZv', 1, 54, '2022-08-26 11:46:02'),
(921, 'Bale', 'D\'Abbot-Doyle', 'bdabbotdoylems@seattletimes.com', 'gpy87q', 1, 78, '2022-11-28 01:33:57'),
(922, 'Fanni', 'Clowton', 'fclowtonmt@sciencedirect.com', 'G8EBBxz3', 1, 67, '2022-12-10 01:53:01'),
(923, 'Danny', 'Scading', 'dscadingmu@yellowpages.com', 'FWnMh8lpZ9W', 0, 22, '2022-05-07 19:40:20'),
(924, 'Nicko', 'Millam', 'nmillammv@mozilla.com', 'NOrMBrYI', 1, 67, '2022-10-19 15:22:49'),
(925, 'Tandie', 'Woolley', 'twoolleymw@google.cn', '2QC2ZNOdWr7K', 0, 28, '2022-05-11 08:33:39'),
(926, 'Ganny', 'Skeemor', 'gskeemormx@wisc.edu', 'Iuk98V', 0, 18, '2022-12-04 01:18:53'),
(927, 'Elston', 'Works', 'eworksmy@opensource.org', 'xDKBJcb41odo', 0, 5, '2022-08-14 04:28:15'),
(928, 'Jenifer', 'Cuvley', 'jcuvleymz@bravesites.com', '3tvrVH', 0, 53, '2022-02-26 02:14:22'),
(929, 'Ave', 'Baddoe', 'abaddoen0@diigo.com', 'PIOacK6136Gb', 1, 8, '2022-04-25 13:23:31'),
(930, 'Vivian', 'Dolman', 'vdolmann1@msu.edu', 'ly7S1mJI6', 1, 42, '2022-04-07 09:16:17'),
(931, 'Giacopo', 'Chrispin', 'gchrispinn2@bizjournals.com', 'gR2c0y', 0, 23, '2022-09-12 23:04:27'),
(932, 'Deeyn', 'Marsay', 'dmarsayn3@about.me', 'gLlRNu', 0, 68, '2022-03-31 09:27:27'),
(933, 'Louella', 'McGonagle', 'lmcgonaglen4@mysql.com', 'TvS4Kt0nLU', 1, 31, '2022-04-26 22:08:44'),
(934, 'Cecil', 'Cowhig', 'ccowhign5@altervista.org', 'ydYk0HkPO', 1, 32, '2022-04-21 21:35:22'),
(935, 'Annaliese', 'Hyland', 'ahylandn6@newsvine.com', 'WKkRMzw', 0, 66, '2022-03-09 11:44:11'),
(936, 'Hedda', 'Eate', 'heaten7@com.com', 'cd2Yd1g', 1, 72, '2022-07-21 16:32:18'),
(937, 'Jodie', 'Wigginton', 'jwiggintonn8@latimes.com', 'ZPdkXlXAp8m', 1, 1, '2022-04-05 13:18:09'),
(938, 'Nita', 'Vinton', 'nvintonn9@instagram.com', 'KLSJpZK', 0, 30, '2022-03-01 01:01:41'),
(939, 'Nalani', 'Mudge', 'nmudgena@ehow.com', 'w57U7jtf', 1, 66, '2022-12-18 17:21:24'),
(940, 'Chryste', 'McNeely', 'cmcneelynb@marketwatch.com', 'oE5Hk8SvF', 1, 79, '2022-06-09 06:49:21'),
(941, 'Mella', 'Ourtic', 'mourticnc@biblegateway.com', 'Mzchn8GXP6I', 1, 39, '2022-07-05 16:22:36'),
(942, 'Georgianne', 'Briddock', 'gbriddocknd@hao123.com', '0pKKYwed1', 1, 34, '2022-12-25 04:51:55'),
(943, 'Dolli', 'Michurin', 'dmichurinne@smh.com.au', 'CaL5tusWwK', 0, 55, '2022-08-16 15:45:42'),
(944, 'Virge', 'Sidon', 'vsidonnf@cam.ac.uk', 'UWWx2Rv3roGU', 0, 13, '2022-03-07 19:14:09'),
(945, 'Trent', 'Devonport', 'tdevonportng@amazon.com', 'Cq6efNzOSK', 0, 58, '2022-02-11 07:15:22'),
(946, 'Buddie', 'Nodin', 'bnodinnh@mail.ru', 'jUv6GZh', 0, 10, '2022-11-29 05:36:34'),
(947, 'Frannie', 'Twinning', 'ftwinningni@marriott.com', 'lZErgPzVGJa', 0, 38, '2022-08-14 15:54:58'),
(948, 'Samantha', 'Harrisson', 'sharrissonnj@europa.eu', 'QbsI3Y8cHc', 0, 77, '2022-03-17 01:57:52'),
(949, 'Nickolas', 'Quince', 'nquincenk@google.ru', 'HqDN9Ci', 1, 30, '2022-09-22 20:36:44'),
(950, 'Betta', 'Iamittii', 'biamittiinl@tuttocitta.it', 'cqFzzwGnhTc', 1, 80, '2022-11-23 13:43:53'),
(951, 'Trudi', 'Nutkins', 'tnutkinsnm@ask.com', 'P1w9Ax6', 1, 70, '2022-06-16 11:37:21'),
(952, 'Jolyn', 'Brechin', 'jbrechinnn@shareasale.com', '4JqsQknTQKp', 1, 28, '2022-09-27 14:31:54'),
(953, 'Rozina', 'Willcox', 'rwillcoxno@epa.gov', 'tZyz4ryuCTBy', 0, 12, '2022-09-14 00:33:43'),
(954, 'Jobey', 'Ritzman', 'jritzmannp@1688.com', 'afXmBVxpP', 1, 53, '2022-12-27 04:06:34'),
(955, 'Gavan', 'Boggis', 'gboggisnq@state.tx.us', 'ETVzvS4', 1, 68, '2022-11-29 19:19:41'),
(956, 'Perle', 'Da Costa', 'pdacostanr@livejournal.com', 'wzJNJtNf', 1, 23, '2022-08-10 18:38:46'),
(957, 'Linea', 'Meadows', 'lmeadowsns@businessweek.com', 'vSxrO60O', 1, 72, '2022-09-09 07:47:26'),
(958, 'Jaye', 'Benez', 'jbeneznt@barnesandnoble.com', 'izm0ojhXs', 1, 47, '2022-05-12 20:31:02'),
(959, 'Nichole', 'Lardner', 'nlardnernu@plala.or.jp', 'lTGqBoaY', 0, 18, '2022-05-02 09:37:35'),
(960, 'Brit', 'Hakking', 'bhakkingnv@icio.us', 'BwIBM5', 0, 30, '2022-02-26 15:02:06'),
(961, 'Washington', 'Ragsdall', 'wragsdallnw@nifty.com', 'qxvprpenV', 1, 16, '2022-06-16 07:24:24'),
(962, 'Maurice', 'Jurgensen', 'mjurgensennx@java.com', 'SQYpG945', 1, 67, '2022-04-13 00:42:57'),
(963, 'Amos', 'Gaucher', 'agaucherny@rambler.ru', 'VIdJKkPfXilF', 0, 48, '2022-02-22 19:22:23'),
(964, 'Sergio', 'Storrs', 'sstorrsnz@marketwatch.com', 'zxm5znjq0', 1, 39, '2022-06-26 07:10:19'),
(965, 'Fraser', 'Gunston', 'fgunstono0@google.com.br', 'RwYcYZZvq', 1, 50, '2022-08-26 10:23:54'),
(966, 'Paco', 'Richardeau', 'prichardeauo1@tumblr.com', 'zNSa9ulI', 0, 54, '2022-08-02 09:28:44'),
(967, 'Maximo', 'Syres', 'msyreso2@infoseek.co.jp', 'vXXpwlml', 0, 39, '2022-12-10 21:22:08'),
(968, 'Walden', 'Newe', 'wneweo3@soundcloud.com', 'fDX3TOKegLXv', 1, 31, '2022-06-25 22:32:12'),
(969, 'Constance', 'Satch', 'csatcho4@xing.com', 'EcC5ETv', 0, 38, '2022-07-19 06:23:55'),
(970, 'Teodoro', 'Kimbly', 'tkimblyo5@microsoft.com', '9bblDID4', 0, 16, '2022-04-03 20:33:24'),
(971, 'Emmanuel', 'Davidov', 'edavidovo6@businesswire.com', 'lRpzKJp2', 1, 44, '2023-01-12 04:38:09'),
(972, 'Genovera', 'Thaxton', 'gthaxtono7@washingtonpost.com', '003RxL1KuU', 0, 13, '2022-08-28 11:06:24'),
(973, 'Anson', 'Lynett', 'alynetto8@ask.com', 'Hwz9H66qDl', 0, 11, '2022-03-16 02:08:10'),
(974, 'Harlin', 'Andreix', 'handreixo9@gmpg.org', '5EoHrLdICAq', 0, 19, '2022-09-04 15:45:56'),
(975, 'Francesco', 'Edsall', 'fedsalloa@elpais.com', 'MubYWwoB', 0, 58, '2022-11-26 21:33:17'),
(976, 'Charmian', 'Tesoe', 'ctesoeob@flickr.com', 'KyYdqK', 1, 73, '2023-01-18 05:53:28'),
(977, 'Mattie', 'McGauhy', 'mmcgauhyoc@auda.org.au', 'wURXQoL', 0, 30, '2022-05-02 22:58:48'),
(978, 'Niel', 'Harradine', 'nharradineod@simplemachines.org', 'O9NJ8sz', 1, 11, '2022-03-18 00:41:53'),
(979, 'Ciel', 'MacManus', 'cmacmanusoe@bravesites.com', '8stHXQhgvg8', 0, 44, '2022-12-07 08:20:36'),
(980, 'Lock', 'Farrow', 'lfarrowof@jugem.jp', 'jysU97', 0, 27, '2022-06-10 23:20:00'),
(981, 'Moss', 'Gartin', 'mgartinog@comsenz.com', 'wNMj6K', 0, 4, '2022-09-12 01:20:30'),
(982, 'Tulley', 'Brightwell', 'tbrightwelloh@wikispaces.com', 'gX5CSnXH', 0, 18, '2022-06-12 07:51:22'),
(983, 'Egon', 'Garrod', 'egarrodoi@businessweek.com', '3XlP1ppme', 1, 77, '2022-07-28 07:50:24'),
(984, 'Jean', 'Rapier', 'jrapieroj@hao123.com', '0y5HvHle', 1, 9, '2022-10-17 04:15:20'),
(985, 'Clara', 'Breinl', 'cbreinlok@sphinn.com', 'b9ybjs6qy8', 1, 54, '2022-05-22 23:48:26'),
(986, 'Angelique', 'Mouncey', 'amounceyol@npr.org', '0ZuwGyhej', 1, 4, '2022-03-28 17:17:43'),
(987, 'Thaddus', 'Barsam', 'tbarsamom@liveinternet.ru', 'yrPhUPrO', 1, 15, '2022-09-02 00:55:04'),
(988, 'Evie', 'Wilsee', 'ewilseeon@multiply.com', 'htec41YnNV3', 0, 63, '2022-02-10 04:27:40'),
(989, 'Armand', 'Meenan', 'ameenanoo@quantcast.com', 'TXQVln', 1, 30, '2022-02-24 04:06:28'),
(990, 'Herta', 'Surmeir', 'hsurmeirop@facebook.com', 'WzKmpxflo', 0, 40, '2022-11-30 17:40:10'),
(991, 'Ruthi', 'Whifen', 'rwhifenoq@photobucket.com', 'ygoxmw', 0, 32, '2022-04-08 13:01:25'),
(992, 'Percival', 'Schutter', 'pschutteror@about.me', 'BuWG9hnN7VbA', 1, 36, '2022-07-07 17:53:05'),
(993, 'Vassily', 'Tailby', 'vtailbyos@taobao.com', 'JikFL1', 0, 7, '2022-08-13 20:04:56'),
(994, 'Kira', 'Stetlye', 'kstetlyeot@cyberchimps.com', 'RLlp3Z', 1, 4, '2022-06-03 19:17:09'),
(995, 'Claudia', 'Fenney', 'cfenneyou@tripadvisor.com', 'BnwQzz', 0, 79, '2023-01-20 05:28:11'),
(996, 'Jessy', 'Entwistle', 'jentwistleov@yahoo.com', 'yQLEX0UfjZg', 0, 61, '2022-12-08 09:34:51'),
(997, 'Dasha', 'Pegler', 'dpeglerow@1und1.de', 'YzKAgr0w', 1, 70, '2023-01-14 21:21:15'),
(998, 'Leigh', 'Titmus', 'ltitmusox@altervista.org', 'mIWiB4', 0, 5, '2022-06-26 23:15:31'),
(999, 'Vladimir', 'Woolfitt', 'vwoolfittoy@livejournal.com', '894DQms0p7qo', 1, 54, '2022-10-31 19:16:10'),
(1000, 'Harriett', 'Doorly', 'hdoorlyoz@csmonitor.com', 'nhGVOTT1M', 0, 13, '2022-11-18 06:10:12'),
(1001, 'Nanni', 'Haw', 'nhawp0@discuz.net', 'Gh3D5rJ', 0, 64, '2022-11-05 10:31:35'),
(1002, 'Aluino', 'Sillwood', 'asillwoodp1@hc360.com', 'GwPtped', 0, 42, '2022-05-31 16:10:53'),
(1003, 'Rikki', 'Hofton', 'rhoftonp2@webeden.co.uk', 'kffPXVMvYU', 0, 16, '2022-09-20 08:33:50'),
(1004, 'Weber', 'St. Hill', 'wsthillp3@ow.ly', 'xo1zwfdV7sy', 1, 34, '2022-06-11 23:39:08'),
(1005, 'Millard', 'Huxster', 'mhuxsterp4@histats.com', 'lJp0ssCGH18C', 0, 43, '2022-12-01 02:25:38'),
(1006, 'Malina', 'Dovermann', 'mdovermannp5@zdnet.com', 'Vxfm2rw', 1, 30, '2022-03-26 00:26:39'),
(1007, 'Giana', 'Truswell', 'gtruswellp6@friendfeed.com', 'Kb9C86QF7f1x', 1, 22, '2022-07-21 20:55:39'),
(1008, 'Jessie', 'Asplin', 'jasplinp7@census.gov', 'z0Ai8jsd', 1, 17, '2022-03-24 09:59:12'),
(1009, 'Rebekah', 'Beiderbecke', 'rbeiderbeckep8@exblog.jp', 'vsapJhUd9', 1, 22, '2022-07-05 09:02:36'),
(1010, 'Mathian', 'Yokel', 'myokelp9@google.es', 'nwjWMs', 0, 56, '2023-01-23 02:18:23'),
(1011, 'Erina', 'Yakunin', 'eyakuninpa@hud.gov', '0s1nhPjB0yNS', 0, 56, '2022-08-25 11:13:02'),
(1012, 'Ddene', 'Syplus', 'dsypluspb@uiuc.edu', 'MgLRhckqxQm', 1, 28, '2022-03-12 04:05:41'),
(1013, 'Davey', 'Hincks', 'dhinckspc@hao123.com', '30w3vb7', 1, 54, '2022-09-06 23:57:08'),
(1014, 'Obadias', 'Taunton.', 'otauntonpd@usa.gov', 'T5RA2ZKEeN', 1, 26, '2022-04-07 15:43:22'),
(1015, 'Karrah', 'Gensavage', 'kgensavagepe@independent.co.uk', 'W0kI55XgtzR', 0, 47, '2022-08-10 07:40:24'),
(1016, 'Kenyon', 'Myers', 'kmyerspf@bloomberg.com', '6TTFI8NLubq', 0, 75, '2022-08-17 14:17:54'),
(1017, 'Lyndsay', 'Harrad', 'lharradpg@shinystat.com', 'k2AYx2b01B', 1, 76, '2022-10-14 19:55:58'),
(1018, 'Jamey', 'Crampsy', 'jcrampsyph@cyberchimps.com', 'IRkEjv', 0, 73, '2023-01-20 17:04:18'),
(1019, 'Roderich', 'Jancik', 'rjancikpi@usatoday.com', 'F5r27QTs6XS', 1, 56, '2022-12-13 19:19:33'),
(1020, 'Teddi', 'Dabney', 'tdabneypj@tripadvisor.com', 'YWiHWqS', 1, 60, '2022-07-03 23:59:19'),
(1021, 'Hugues', 'Pynn', 'hpynnpk@netscape.com', 'AfKpjoW', 1, 52, '2022-06-18 05:22:27'),
(1022, 'Bonita', 'Fealy', 'bfealypl@xrea.com', 'y40zfOPSzyCH', 1, 78, '2022-04-12 22:19:35'),
(1023, 'Sawyer', 'Sor', 'ssorpm@sakura.ne.jp', 'VPpSZ4Rr', 0, 73, '2022-05-06 15:03:18'),
(1024, 'Quinlan', 'Scryne', 'qscrynepn@topsy.com', 'aAQhh7cYII', 0, 53, '2022-09-09 01:53:44'),
(1025, 'Dela', 'Fores', 'dforespo@pagesperso-orange.fr', 'XVfYnEhO7Do', 0, 43, '2023-01-25 18:20:15'),
(1026, 'Andrus', 'Mebs', 'amebspp@huffingtonpost.com', 'aXDqgkf5a', 0, 57, '2022-02-23 13:27:38'),
(1027, 'Roberta', 'Mash', 'rmashpq@toplist.cz', 'YqmfF8A', 0, 73, '2022-09-07 04:39:20'),
(1028, 'Allsun', 'Epple', 'aepplepr@elegantthemes.com', 'JOanvQ8f', 0, 36, '2023-01-13 23:26:14'),
(1029, 'Ingaberg', 'Maith', 'imaithps@telegraph.co.uk', 'dq3or1', 0, 39, '2022-06-05 09:26:26'),
(1030, 'Saidee', 'Pawlowicz', 'spawlowiczpt@vk.com', 'Eag97e3ofeQE', 1, 6, '2022-08-19 14:41:53'),
(1031, 'Pattin', 'Ditchett', 'pditchettpu@dmoz.org', 'YjMqCO48REl', 0, 73, '2022-12-17 20:40:53'),
(1032, 'Valene', 'Braunroth', 'vbraunrothpv@diigo.com', 'UwZT8YL2', 0, 26, '2022-06-23 22:58:49'),
(1033, 'Germaine', 'Mitchelmore', 'gmitchelmorepw@guardian.co.uk', 'nt2oeT901fn', 1, 69, '2022-11-16 02:22:49'),
(1034, 'Sadella', 'Tompkins', 'stompkinspx@opera.com', '1NNdg7Ie', 1, 29, '2022-11-16 20:16:38'),
(1035, 'Georgie', 'Ganiclef', 'gganiclefpy@mail.ru', 'ORI2GFev', 1, 16, '2022-12-31 15:46:02'),
(1036, 'Ash', 'Schultes', 'aschultespz@icio.us', 'qUFN7ZVWI', 1, 75, '2022-09-15 10:24:27'),
(1037, 'Roslyn', 'Vercruysse', 'rvercruysseq0@boston.com', 'w56eazV', 0, 5, '2022-08-17 16:54:28'),
(1038, 'Drucy', 'Swanne', 'dswanneq1@meetup.com', 'q23DTPbJIV9J', 1, 41, '2022-12-20 09:37:12'),
(1039, 'Jerri', 'Archard', 'jarchardq2@accuweather.com', '5gOly8Ik', 1, 30, '2022-10-08 22:25:16'),
(1040, 'Neely', 'Sprowson', 'nsprowsonq3@addthis.com', 'yJNojru', 1, 25, '2022-09-10 19:58:01'),
(1041, 'Lothaire', 'Geach', 'lgeachq4@yale.edu', 'j6g96o', 1, 37, '2022-03-04 19:53:30'),
(1042, 'Saleem', 'Bragge', 'sbraggeq5@sciencedirect.com', '8n5ZPcIqmAdh', 0, 27, '2023-01-22 04:38:52'),
(1043, 'Gino', 'Gostyke', 'ggostykeq6@diigo.com', 'ulkGWsiPuN6U', 1, 25, '2023-01-28 20:59:07'),
(1044, 'Elna', 'Rihosek', 'erihosekq7@virginia.edu', 's5olr86FxG', 0, 44, '2022-09-24 13:05:31'),
(1045, 'Eberto', 'Elderidge', 'eelderidgeq8@cam.ac.uk', 'QG782ayBZ', 1, 62, '2022-08-05 09:53:52'),
(1046, 'Benetta', 'Heare', 'bheareq9@reverbnation.com', 'T3aYJ9s1', 1, 20, '2022-06-05 16:58:58'),
(1047, 'Marrissa', 'Baumber', 'mbaumberqa@timesonline.co.uk', 'X63acM90K', 0, 74, '2022-06-17 08:49:28'),
(1048, 'Aldo', 'Ishak', 'aishakqb@techcrunch.com', 'tThrfNgdy', 0, 70, '2022-11-04 01:11:08'),
(1049, 'Willetta', 'Dolman', 'wdolmanqc@chron.com', 'DKYc5K2JgaY', 1, 48, '2022-10-18 12:14:16'),
(1050, 'Bastian', 'Wastie', 'bwastieqd@discovery.com', 'FnAGybVSfA', 0, 28, '2022-12-01 15:03:54'),
(1051, 'Cece', 'Dorrian', 'cdorrianqe@goodreads.com', 'nzA2noLNBn7', 1, 74, '2022-07-01 01:16:21'),
(1052, 'Ephraim', 'Brownsey', 'ebrownseyqf@exblog.jp', 'g0XP7T3rk', 1, 47, '2022-11-02 04:21:36'),
(1053, 'Issie', 'Bouette', 'ibouetteqg@scientificamerican.com', '43GOYELuxnt', 0, 11, '2022-08-08 11:11:55'),
(1054, 'Celestine', 'Truckett', 'ctruckettqh@arstechnica.com', 'jwaQUon', 0, 74, '2022-09-07 08:58:08'),
(1055, 'Meta', 'McNally', 'mmcnallyqi@drupal.org', 'XNIkQb5meK', 0, 15, '2022-12-08 03:39:47'),
(1056, 'Maressa', 'Van Bruggen', 'mvanbruggenqj@360.cn', '1ZyZr9', 1, 16, '2022-08-31 19:35:53'),
(1057, 'Kimberli', 'Louche', 'kloucheqk@wunderground.com', 'agrETfjLNEv', 0, 31, '2022-06-28 10:11:26'),
(1058, 'Georas', 'Craggs', 'gcraggsql@bandcamp.com', 'SJ3Okf4h', 0, 28, '2022-08-02 14:20:18'),
(1059, 'Richard', 'Zielinski', 'rzielinskiqm@imgur.com', 'fLWDHQ439', 0, 46, '2022-04-09 13:58:05'),
(1060, 'Cale', 'Cornelis', 'ccornelisqn@washington.edu', 'OOEW86UhR', 0, 67, '2022-03-15 02:01:43'),
(1061, 'Polly', 'Pidcock', 'ppidcockqo@xinhuanet.com', 'qkg0oRJSVnJC', 1, 36, '2022-06-07 18:24:19'),
(1062, 'Germayne', 'Braiden', 'gbraidenqp@blogtalkradio.com', '1b26bJCtU', 0, 58, '2022-07-06 06:44:08'),
(1063, 'Gusella', 'Stelfax', 'gstelfaxqq@mysql.com', 'n27oEzZ', 0, 21, '2022-04-21 13:29:53'),
(1064, 'Corny', 'Uphill', 'cuphillqr@comcast.net', '1PjbI8NX8', 0, 11, '2022-04-17 09:26:33'),
(1065, 'Babita', 'Hedan', 'bhedanqs@wikimedia.org', 'aL0EVTsFA3BY', 1, 69, '2022-09-04 13:45:17'),
(1066, 'Haily', 'Cagan', 'hcaganqt@yahoo.co.jp', 'aGrywS65wn7', 1, 75, '2023-01-31 11:08:50'),
(1067, 'Wanids', 'Parminter', 'wparminterqu@tuttocitta.it', 'SjOZUSk', 0, 8, '2023-01-15 00:08:53'),
(1068, 'Andie', 'Asey', 'aaseyqv@opensource.org', 'D16a336dSOsr', 0, 52, '2022-12-23 09:06:20'),
(1069, 'Gabriel', 'Ottam', 'gottamqw@drupal.org', '22QHEBMraU', 0, 77, '2022-10-04 15:29:11'),
(1070, 'Nicolette', 'Hollingsbee', 'nhollingsbeeqx@umich.edu', 'Fi7gWRF', 0, 70, '2022-03-18 02:01:29'),
(1071, 'Granny', 'Hazlegrove', 'ghazlegroveqy@ehow.com', 'aVX93vRC', 0, 36, '2022-05-17 09:44:51'),
(1072, 'Eartha', 'Gatiss', 'egatissqz@posterous.com', '5KYfCf9I', 0, 48, '2022-04-29 07:33:39'),
(1073, 'Simonne', 'Helliar', 'shelliarr0@mapy.cz', 'QtVYTtsNGul', 0, 55, '2022-08-24 13:15:41'),
(1074, 'Taffy', 'Turneaux', 'tturneauxr1@github.com', '8bLHsrzcUb', 1, 50, '2022-12-24 09:56:29'),
(1075, 'Randy', 'Stegers', 'rstegersr2@columbia.edu', '0uVP5u', 0, 3, '2022-02-28 01:13:12'),
(1076, 'Donalt', 'Dessant', 'ddessantr3@deviantart.com', 'nS4wZIq8P', 1, 27, '2022-10-04 13:30:25'),
(1077, 'Norine', 'Starzaker', 'nstarzakerr4@ibm.com', '6BA659g830', 1, 44, '2022-02-13 13:46:33'),
(1078, 'Cordell', 'Campanelle', 'ccampaneller5@unc.edu', 'k1BMAuof', 0, 59, '2022-10-19 10:37:08'),
(1079, 'Adelind', 'Greenalf', 'agreenalfr6@dot.gov', 'VeJq1COuJyu', 1, 1, '2022-11-27 07:39:28'),
(1080, 'Keene', 'Plaide', 'kplaider7@bluehost.com', 'eCwaD1Nko9F', 1, 67, '2022-09-08 00:08:49'),
(1081, 'Fayette', 'Ceschi', 'fceschir8@shinystat.com', 'bfCKAgmutr', 0, 14, '2022-08-07 10:30:36'),
(1082, 'Sidonia', 'Haily', 'shailyr9@quantcast.com', 'lIX3bLblkU', 0, 28, '2022-06-11 02:08:52'),
(1083, 'Sutherland', 'Burgott', 'sburgottra@nydailynews.com', '4o8NmzwZ7vr', 0, 19, '2022-12-09 00:13:53'),
(1084, 'Forrest', 'Woodhouse', 'fwoodhouserb@unblog.fr', 'WHRDawziYZ', 1, 9, '2023-01-29 12:59:58'),
(1085, 'Chan', 'Kenner', 'ckennerrc@spiegel.de', 'GmFtJ0cMy', 0, 69, '2022-07-10 02:24:38'),
(1086, 'Anatola', 'Andrysiak', 'aandrysiakrd@nydailynews.com', 'ZDRCZ9g', 1, 78, '2022-10-04 16:34:06'),
(1087, 'Rosetta', 'Portman', 'rportmanre@prlog.org', 'Aj90t4WCsEF', 1, 23, '2022-06-18 12:11:24'),
(1088, 'Vickie', 'Bakes', 'vbakesrf@buzzfeed.com', '5NMvikt', 0, 38, '2022-07-19 06:44:07'),
(1089, 'Theodosia', 'Toppin', 'ttoppinrg@fda.gov', '1PnaNwZYZ', 1, 42, '2022-06-30 18:10:01'),
(1090, 'Merl', 'Labone', 'mlabonerh@instagram.com', 'XfUmEj7JKBcM', 0, 14, '2022-11-30 19:46:37'),
(1091, 'Addy', 'Thirwell', 'athirwellri@meetup.com', 'HR5FZ6', 1, 23, '2022-06-08 00:45:04'),
(1092, 'Ilario', 'Fitzroy', 'ifitzroyrj@oaic.gov.au', 'K1LlCy7r', 0, 72, '2022-05-05 11:25:33'),
(1093, 'Deane', 'Piccop', 'dpiccoprk@tripadvisor.com', 'WedggSG', 1, 53, '2022-05-22 17:23:53'),
(1094, 'Yuma', 'Wigsell', 'ywigsellrl@liveinternet.ru', 'DYMhUm', 1, 48, '2022-03-12 21:31:06'),
(1095, 'Bowie', 'Fairclough', 'bfaircloughrm@simplemachines.org', 'Cf4XpgLop5yj', 1, 79, '2022-11-04 04:06:28'),
(1096, 'Andromache', 'McCraine', 'amccrainern@e-recht24.de', 'KO19t3C7s6Uf', 1, 13, '2022-05-04 10:57:56'),
(1097, 'Dona', 'Inger', 'dingerro@epa.gov', 'bdRbYy', 0, 66, '2023-01-28 23:56:29'),
(1098, 'Olva', 'Shuttell', 'oshuttellrp@google.it', 'N4HQvjCuLv', 0, 51, '2022-07-12 02:35:19'),
(1099, 'Terrill', 'Petrovykh', 'tpetrovykhrq@i2i.jp', 'nsTYwsBKU', 1, 54, '2022-05-27 02:08:44'),
(1100, 'Sonia', 'Koles', 'skolesrr@fastcompany.com', '0kC2WBDBUXx', 1, 39, '2022-02-11 08:47:38');

--
-- Dökümü yapılmış tablolar için indeksler
--

--
-- Tablo için indeksler `addresses`
--
ALTER TABLE `addresses`
  ADD PRIMARY KEY (`aid`);

--
-- Tablo için indeksler `category`
--
ALTER TABLE `category`
  ADD PRIMARY KEY (`cid`),
  ADD UNIQUE KEY `teknoloji` (`cid`);

--
-- Tablo için indeksler `customers`
--
ALTER TABLE `customers`
  ADD PRIMARY KEY (`cid`);

--
-- Tablo için indeksler `images`
--
ALTER TABLE `images`
  ADD PRIMARY KEY (`iid`);

--
-- Tablo için indeksler `produck_category`
--
ALTER TABLE `produck_category`
  ADD KEY `pid` (`pid`),
  ADD KEY `cid` (`cid`);

--
-- Tablo için indeksler `product`
--
ALTER TABLE `product`
  ADD PRIMARY KEY (`pid`);

--
-- Tablo için indeksler `users`
--
ALTER TABLE `users`
  ADD PRIMARY KEY (`uid`),
  ADD UNIQUE KEY `email_unique` (`email`);

--
-- Dökümü yapılmış tablolar için AUTO_INCREMENT değeri
--

--
-- Tablo için AUTO_INCREMENT değeri `category`
--
ALTER TABLE `category`
  MODIFY `cid` int(11) NOT NULL AUTO_INCREMENT, AUTO_INCREMENT=5;

--
-- Tablo için AUTO_INCREMENT değeri `images`
--
ALTER TABLE `images`
  MODIFY `iid` int(11) NOT NULL AUTO_INCREMENT, AUTO_INCREMENT=501;

--
-- Tablo için AUTO_INCREMENT değeri `product`
--
ALTER TABLE `product`
  MODIFY `pid` int(11) NOT NULL AUTO_INCREMENT, AUTO_INCREMENT=101;

--
-- Tablo için AUTO_INCREMENT değeri `users`
--
ALTER TABLE `users`
  MODIFY `uid` int(11) NOT NULL AUTO_INCREMENT, AUTO_INCREMENT=1101;

--
-- Dökümü yapılmış tablolar için kısıtlamalar
--

--
-- Tablo kısıtlamaları `produck_category`
--
ALTER TABLE `produck_category`
  ADD CONSTRAINT `produck_category_ibfk_1` FOREIGN KEY (`pid`) REFERENCES `product` (`pid`),
  ADD CONSTRAINT `produck_category_ibfk_2` FOREIGN KEY (`cid`) REFERENCES `category` (`cid`);
COMMIT;

/*!40101 SET CHARACTER_SET_CLIENT=@OLD_CHARACTER_SET_CLIENT */;
/*!40101 SET CHARACTER_SET_RESULTS=@OLD_CHARACTER_SET_RESULTS */;
/*!40101 SET COLLATION_CONNECTION=@OLD_COLLATION_CONNECTION */;
