-- phpMyAdmin SQL Dump
-- version 5.1.0
-- https://www.phpmyadmin.net/
--
-- Host: localhost:8889
-- Generation Time: Apr 16, 2023 at 10:06 AM
-- Server version: 5.7.32
-- PHP Version: 7.4.16

SET SQL_MODE = "NO_AUTO_VALUE_ON_ZERO";
START TRANSACTION;
SET time_zone = "+00:00";


/*!40101 SET @OLD_CHARACTER_SET_CLIENT=@@CHARACTER_SET_CLIENT */;
/*!40101 SET @OLD_CHARACTER_SET_RESULTS=@@CHARACTER_SET_RESULTS */;
/*!40101 SET @OLD_COLLATION_CONNECTION=@@COLLATION_CONNECTION */;
/*!40101 SET NAMES utf8mb4 */;

--
-- Database: `java_se`
--

-- --------------------------------------------------------

--
-- Table structure for table `category`
--

CREATE TABLE `category` (
  `cid` int(11) NOT NULL,
  `ctitle` varchar(255) NOT NULL
) ENGINE=InnoDB DEFAULT CHARSET=utf8;

--
-- Dumping data for table `category`
--

INSERT INTO `category` (`cid`, `ctitle`) VALUES
(1, 'Elektronik'),
(2, 'Ev'),
(3, 'Okul'),
(4, 'Giyim');

-- --------------------------------------------------------

--
-- Table structure for table `images`
--

CREATE TABLE `images` (
  `iid` int(11) NOT NULL,
  `pid` int(11) NOT NULL,
  `path` varchar(255) NOT NULL
) ENGINE=InnoDB DEFAULT CHARSET=utf8;

--
-- Dumping data for table `images`
--

INSERT INTO `images` (`iid`, `pid`, `path`) VALUES
(1, -1, '17021.jpg'),
(2, 40, '18527.jpg'),
(3, 2, '11032.jpg'),
(4, 12, '23878.jpg'),
(5, 55, '6605.jpg'),
(6, 31, '4564.jpg'),
(7, 84, '14655.jpg'),
(8, 66, '6513.jpg'),
(9, 26, '13077.jpg'),
(10, 39, '18559.jpg'),
(11, 78, '15212.jpg'),
(12, 85, '25114.jpg'),
(13, 9, '28390.jpg'),
(14, 41, '19962.jpg'),
(15, 55, '4698.jpg'),
(16, 83, '16900.jpg'),
(17, 10, '3562.jpg'),
(18, 50, '20948.jpg'),
(19, 53, '27441.jpg'),
(20, 15, '2307.jpg'),
(21, 62, '13234.jpg'),
(22, 13, '16627.jpg'),
(23, 92, '18252.jpg'),
(24, 43, '15380.jpg'),
(25, 8, '21993.jpg'),
(26, 11, '22052.jpg'),
(27, 84, '2223.jpg'),
(28, 96, '16928.jpg'),
(29, 7, '6274.jpg'),
(30, 78, '10678.jpg'),
(31, 14, '12472.jpg'),
(32, 71, '26415.jpg'),
(33, 34, '14448.jpg'),
(34, 65, '7366.jpg'),
(35, 96, '14686.jpg'),
(36, 86, '28574.jpg'),
(37, 48, '28331.jpg'),
(38, 63, '2004.jpg'),
(39, 43, '13584.jpg'),
(40, 23, '2982.jpg'),
(41, 53, '20688.jpg'),
(42, 74, '19824.jpg'),
(43, 73, '12321.jpg'),
(44, 27, '9898.jpg'),
(45, 57, '5146.jpg'),
(46, 83, '26122.jpg'),
(47, 15, '8378.jpg'),
(48, 82, '17635.jpg'),
(49, 34, '4348.jpg'),
(50, 64, '10795.jpg'),
(51, 68, '26981.jpg'),
(52, 97, '24989.jpg'),
(53, 97, '27159.jpg'),
(54, 6, '27867.jpg'),
(55, 52, '6106.jpg'),
(56, 10, '10038.jpg'),
(57, 37, '19277.jpg'),
(58, 28, '20255.jpg'),
(59, 100, '18621.jpg'),
(60, 84, '4292.jpg'),
(61, 94, '6435.jpg'),
(62, 6, '10232.jpg'),
(63, 84, '18991.jpg'),
(64, 65, '18697.jpg'),
(65, 76, '3318.jpg'),
(66, 73, '15784.jpg'),
(67, 48, '29756.jpg'),
(68, 11, '29676.jpg'),
(69, 94, '3087.jpg'),
(70, 5, '3466.jpg'),
(71, 2, '18827.jpg'),
(72, 55, '12594.jpg'),
(73, 91, '25895.jpg'),
(74, 69, '18073.jpg'),
(75, 7, '23561.jpg'),
(76, 90, '12874.jpg'),
(77, 58, '25106.jpg'),
(78, 3, '14697.jpg'),
(79, 41, '27386.jpg'),
(80, 57, '29153.jpg'),
(81, 34, '7524.jpg'),
(82, 83, '27428.jpg'),
(83, 33, '27722.jpg'),
(84, 33, '9921.jpg'),
(85, 49, '14141.jpg'),
(86, 40, '2932.jpg'),
(87, 46, '15163.jpg'),
(88, 8, '13721.jpg'),
(89, 58, '4548.jpg'),
(90, 13, '15963.jpg'),
(91, 4, '20809.jpg'),
(92, 5, '7077.jpg'),
(93, 95, '18598.jpg'),
(94, 80, '5955.jpg'),
(95, 47, '21236.jpg'),
(96, 4, '5162.jpg'),
(97, 83, '4042.jpg'),
(98, 45, '5879.jpg'),
(99, 29, '15866.jpg'),
(100, 42, '9699.jpg'),
(101, 7, '26110.jpg'),
(102, 96, '23335.jpg'),
(103, 69, '10857.jpg'),
(104, 41, '26160.jpg'),
(105, 47, '23680.jpg'),
(106, 44, '26600.jpg'),
(107, 53, '8097.jpg'),
(108, 41, '23632.jpg'),
(109, 34, '20461.jpg'),
(110, 68, '14675.jpg'),
(111, 26, '16475.jpg'),
(112, 45, '9411.jpg'),
(113, 75, '8010.jpg'),
(114, 21, '26078.jpg'),
(115, 91, '19660.jpg'),
(116, 61, '16988.jpg'),
(117, 24, '25056.jpg'),
(118, 37, '2480.jpg'),
(119, 15, '13691.jpg'),
(120, 53, '3816.jpg'),
(121, 14, '8864.jpg'),
(122, 47, '18270.jpg'),
(123, 17, '9337.jpg'),
(124, 72, '7375.jpg'),
(125, 90, '20094.jpg'),
(126, 46, '1146.jpg'),
(127, 36, '18948.jpg'),
(128, 64, '17955.jpg'),
(129, 74, '20258.jpg'),
(130, 28, '15697.jpg'),
(131, 64, '4407.jpg'),
(132, 98, '13643.jpg'),
(133, 11, '14025.jpg'),
(134, 17, '5290.jpg'),
(135, 60, '25928.jpg'),
(136, 73, '25065.jpg'),
(137, 82, '24923.jpg'),
(138, 59, '15014.jpg'),
(139, 41, '9756.jpg'),
(140, 54, '11747.jpg'),
(141, 53, '3161.jpg'),
(142, 91, '2248.jpg'),
(143, 85, '9929.jpg'),
(144, 89, '21166.jpg'),
(145, 19, '23776.jpg'),
(146, 67, '20581.jpg'),
(147, 6, '16124.jpg'),
(148, 15, '29215.jpg'),
(149, 82, '21734.jpg'),
(150, 42, '16987.jpg'),
(151, 74, '18119.jpg'),
(152, 2, '11197.jpg'),
(153, 3, '16245.jpg'),
(154, 30, '14118.jpg'),
(155, 93, '4191.jpg'),
(156, 3, '19716.jpg'),
(157, 76, '5513.jpg'),
(158, 22, '14310.jpg'),
(159, 76, '22551.jpg'),
(160, 26, '16406.jpg'),
(161, 100, '2167.jpg'),
(162, 90, '14830.jpg'),
(163, 43, '6941.jpg'),
(164, 7, '9799.jpg'),
(165, 62, '14802.jpg'),
(166, 79, '1255.jpg'),
(167, 91, '29551.jpg'),
(168, 91, '16660.jpg'),
(169, 11, '1330.jpg'),
(170, 90, '8647.jpg'),
(171, 29, '5078.jpg'),
(172, 38, '1727.jpg'),
(173, 43, '2583.jpg'),
(174, 47, '18691.jpg'),
(175, 85, '29895.jpg'),
(176, 61, '2842.jpg'),
(177, 84, '29012.jpg'),
(178, 48, '27139.jpg'),
(179, 20, '29706.jpg'),
(180, 98, '17754.jpg'),
(181, 37, '20394.jpg'),
(182, 43, '5444.jpg'),
(183, 67, '4996.jpg'),
(184, 32, '29646.jpg'),
(185, 80, '11352.jpg'),
(186, 84, '5246.jpg'),
(187, 62, '25748.jpg'),
(188, 13, '2058.jpg'),
(189, 2, '15686.jpg'),
(190, 58, '28157.jpg'),
(191, 15, '21009.jpg'),
(192, 93, '6508.jpg'),
(193, 4, '10436.jpg'),
(194, 26, '13092.jpg'),
(195, 89, '2986.jpg'),
(196, 7, '17593.jpg'),
(197, 36, '16445.jpg'),
(198, 56, '21907.jpg'),
(199, 32, '22254.jpg'),
(200, 51, '25548.jpg'),
(201, 76, '18327.jpg'),
(202, 51, '8450.jpg'),
(203, 78, '23663.jpg'),
(204, 82, '11723.jpg'),
(205, 78, '17022.jpg'),
(206, 27, '27777.jpg'),
(207, 42, '22729.jpg'),
(208, 54, '11445.jpg'),
(209, 45, '28109.jpg'),
(210, 15, '7756.jpg'),
(211, 100, '22002.jpg'),
(212, 64, '21766.jpg'),
(213, 71, '10429.jpg'),
(214, 11, '3488.jpg'),
(215, 52, '13166.jpg'),
(216, 89, '4302.jpg'),
(217, 1, '1105.jpg'),
(218, 49, '15600.jpg'),
(219, 52, '19833.jpg'),
(220, 91, '15919.jpg'),
(221, 89, '25413.jpg'),
(222, 36, '17240.jpg'),
(223, 47, '15391.jpg'),
(224, 67, '13491.jpg'),
(225, 49, '15751.jpg'),
(226, 67, '18711.jpg'),
(227, 46, '21817.jpg'),
(228, 57, '2152.jpg'),
(229, 90, '8066.jpg'),
(230, 22, '7814.jpg'),
(231, 11, '17415.jpg'),
(232, 59, '11757.jpg'),
(233, 30, '21965.jpg'),
(234, 27, '11527.jpg'),
(235, 55, '25548.jpg'),
(236, 79, '3802.jpg'),
(237, 9, '10298.jpg'),
(238, 85, '14417.jpg'),
(239, 75, '8698.jpg'),
(240, 90, '12544.jpg'),
(241, 19, '9287.jpg'),
(242, 68, '5804.jpg'),
(243, 81, '21373.jpg'),
(244, 1, '13019.jpg'),
(245, 35, '14117.jpg'),
(246, 32, '14046.jpg'),
(247, 17, '19219.jpg'),
(248, 27, '1253.jpg'),
(249, 82, '5735.jpg'),
(250, 17, '7544.jpg'),
(251, 18, '4188.jpg'),
(252, 8, '15376.jpg'),
(253, 23, '22522.jpg'),
(254, 94, '29326.jpg'),
(255, 93, '14859.jpg'),
(256, 73, '11040.jpg'),
(257, 22, '14531.jpg'),
(258, 21, '2148.jpg'),
(259, 65, '10536.jpg'),
(260, 16, '8454.jpg'),
(261, 89, '24307.jpg'),
(262, 30, '14888.jpg'),
(263, 80, '23840.jpg'),
(264, 49, '1184.jpg'),
(265, 59, '23280.jpg'),
(266, 50, '2883.jpg'),
(267, 35, '2690.jpg'),
(268, 41, '13873.jpg'),
(269, 77, '22976.jpg'),
(270, 88, '2620.jpg'),
(271, 88, '6732.jpg'),
(272, 96, '27846.jpg'),
(273, 53, '24401.jpg'),
(274, 73, '26059.jpg'),
(275, 45, '9376.jpg'),
(276, 95, '2247.jpg'),
(277, 98, '28396.jpg'),
(278, 91, '24090.jpg'),
(279, 77, '27543.jpg'),
(280, 73, '17375.jpg'),
(281, 5, '23363.jpg'),
(282, 6, '7089.jpg'),
(283, 86, '25925.jpg'),
(284, 1, '7853.jpg'),
(285, 5, '29609.jpg'),
(286, 37, '5707.jpg'),
(287, 9, '6567.jpg'),
(288, 55, '12783.jpg'),
(289, 28, '27007.jpg'),
(290, 10, '29565.jpg'),
(291, 82, '23240.jpg'),
(292, 72, '3035.jpg'),
(293, 45, '17077.jpg'),
(294, 4, '29840.jpg'),
(295, 89, '5334.jpg'),
(296, 42, '2121.jpg'),
(297, 89, '28737.jpg'),
(298, 55, '17168.jpg'),
(299, 79, '28722.jpg'),
(300, 19, '18976.jpg');

-- --------------------------------------------------------

--
-- Table structure for table `product`
--

CREATE TABLE `product` (
  `pid` int(11) NOT NULL,
  `title` varchar(255) NOT NULL,
  `price` int(11) NOT NULL
) ENGINE=InnoDB DEFAULT CHARSET=utf8;

--
-- Dumping data for table `product`
--

INSERT INTO `product` (`pid`, `title`, `price`) VALUES
(1, 'Spring Roll Wrappers', 76),
(2, 'Isomalt', 28),
(3, 'Steampan - Lid For Half Size', 51),
(4, 'Muffin Puck Ww Carrot', 23),
(5, 'Seedlings - Mix, Organic', 17),
(6, 'Longos - Grilled Salmon With Bbq', 67),
(7, 'Goulash Seasoning', 28),
(8, 'Eggs - Extra Large', 36),
(9, 'Tray - 12in Rnd Blk', 70),
(10, 'Lettuce - Radicchio', 99),
(11, 'Sprouts - Corn', 32),
(12, 'Propel Sport Drink', 8),
(13, 'Orange Roughy 4/6 Oz', 78),
(14, 'Cheese - Wine', 8),
(15, 'Lobster - Live', 56),
(16, 'Sauce - Hollandaise', 23),
(17, 'Lemonade - Kiwi, 591 Ml', 82),
(18, 'Table Cloth 62x114 Colour', 30),
(19, 'Potatoes - Mini White 3 Oz', 52),
(20, 'Chicken - Soup Base', 89),
(21, 'Truffle Shells - White Chocolate', 59),
(22, 'Juice - Ocean Spray Cranberry', 65),
(23, 'Tomatoes - Vine Ripe, Yellow', 15),
(24, 'Glaze - Clear', 45),
(25, 'Eggroll', 31),
(26, 'Wine - Red, Cooking', 31),
(27, 'Cheese - Gouda', 11),
(28, 'Chef Hat 25cm', 9),
(29, 'Aspic - Light', 51),
(30, 'Steamers White', 94),
(31, 'Spice - Peppercorn Melange', 86),
(32, 'Appetizer - Mango Chevre', 5),
(33, 'Milk - Homo', 2),
(34, 'Beef - Tender Tips', 30),
(35, 'Sauce - Salsa', 100),
(36, 'Praline Paste', 66),
(37, 'Shrimp - 16/20, Peeled Deviened', 46),
(38, 'Crackers - Trio', 30),
(39, 'Water - Evian 355 Ml', 48),
(40, 'Wine - Wyndham Estate Bin 777', 54),
(41, 'Glass - Juice Clear 5oz 55005', 95),
(42, 'Onions - Dried, Chopped', 16),
(43, 'Myers Planters Punch', 63),
(44, 'Onions - Cooking', 21),
(45, 'Grapes - Red', 77),
(46, 'Shrimp - Baby, Cold Water', 29),
(47, 'Beer - Upper Canada Light', 40),
(48, 'Chocolate - Milk Coating', 69),
(49, 'Cheese - Sheep Milk', 36),
(50, 'Soup - Campbellschix Stew', 34),
(51, 'Loquat', 24),
(52, 'Buffalo - Tenderloin', 94),
(53, 'Wine - Alicanca Vinho Verde', 21),
(54, 'Sauce - Rosee', 76),
(55, 'Crackers - Soda / Saltins', 21),
(56, 'Beans - Fine', 54),
(57, 'Ginger - Crystalized', 18),
(58, 'Brandy Apricot', 29),
(59, 'Veal - Provimi Inside', 67),
(60, 'Chips - Potato Jalapeno', 22),
(61, 'Sponge Cake Mix - Vanilla', 65),
(62, 'Veal - Brisket, Provimi, Bone - In', 26),
(63, 'Soup - Campbells, Minestrone', 20),
(64, 'Wine - Spumante Bambino White', 79),
(65, 'Ginsing - Fresh', 29),
(66, 'Coffee - Flavoured', 54),
(67, 'Wine - White, Lindemans Bin 95', 85),
(68, 'Plasticspoonblack', 81),
(69, 'Muffin - Mix - Strawberry Rhubarb', 13),
(70, 'Cream - 35%', 98),
(71, 'Pepper - Paprika, Hungarian', 92),
(72, 'Ecolab - Lime - A - Way 4/4 L', 72),
(73, 'Eggroll', 56),
(74, 'Carbonated Water - Peach', 79),
(75, 'Appetizer - Veg Assortment', 83),
(76, 'Sauce - Vodka Blush', 77),
(77, 'Longos - Grilled Veg Sandwiches', 56),
(78, 'Turnip - Mini', 18),
(79, 'Flour - Strong', 58),
(80, 'Truffle Paste', 65),
(81, 'Tomato Puree', 99),
(82, 'Monkfish Fresh - Skin Off', 55),
(83, 'Carbonated Water - Lemon Lime', 62),
(84, 'Beef - Shank', 24),
(85, 'Halibut - Steaks', 11),
(86, 'Glass Clear 8 Oz', 29),
(87, 'Squeeze Bottle', 27),
(88, 'Jam - Marmalade, Orange', 40),
(89, 'Wakami Seaweed', 100),
(90, 'Artichokes - Knobless, White', 66),
(91, 'Salmon Steak - Cohoe 6 Oz', 81),
(92, 'Tea - Camomele', 73),
(93, 'Papayas', 98),
(94, 'Coffee - Espresso', 2),
(95, 'Bread - Sour Batard', 73),
(96, 'Milk - 1%', 94),
(97, 'Thyme - Fresh', 87),
(98, 'Pepper - Green Thai', 69),
(99, 'Tea - Herbal I Love Lemon', 3),
(100, 'Chicken - Tenderloin', 83);

-- --------------------------------------------------------

--
-- Table structure for table `product_category`
--

CREATE TABLE `product_category` (
  `pid` int(11) NOT NULL,
  `cid` int(11) NOT NULL
) ENGINE=InnoDB DEFAULT CHARSET=utf8;

--
-- Dumping data for table `product_category`
--

INSERT INTO `product_category` (`pid`, `cid`) VALUES
(95, 4),
(65, 4),
(86, 1),
(77, 2),
(23, 2),
(24, 3),
(21, 1),
(99, 4),
(42, 1),
(71, 2),
(29, 4),
(29, 3),
(100, 1),
(35, 1),
(43, 3),
(94, 4),
(41, 3),
(68, 4),
(10, 2),
(71, 3),
(44, 1),
(51, 4),
(22, 4),
(58, 1),
(99, 3),
(9, 1),
(95, 1),
(81, 2),
(36, 2),
(96, 2),
(91, 2),
(34, 1),
(29, 2),
(90, 4),
(3, 4),
(70, 4),
(65, 2),
(90, 3),
(10, 1),
(59, 1),
(2, 1),
(90, 4),
(77, 4),
(28, 4),
(72, 4),
(18, 4),
(22, 4),
(23, 1),
(91, 2),
(55, 3),
(77, 1),
(96, 4),
(38, 3),
(59, 3),
(99, 3),
(21, 2),
(4, 4),
(92, 2),
(33, 1),
(12, 4),
(16, 4),
(51, 2),
(16, 4),
(10, 2),
(60, 4),
(97, 3),
(32, 4),
(60, 2),
(28, 1),
(14, 3),
(89, 4),
(58, 3),
(65, 4),
(68, 4),
(37, 4),
(90, 4),
(2, 4),
(4, 2),
(66, 1),
(72, 2),
(64, 3),
(74, 1),
(1, 4),
(50, 1),
(32, 4),
(26, 3),
(73, 1),
(32, 2),
(38, 3),
(99, 4),
(45, 3),
(64, 1),
(27, 1),
(55, 2),
(80, 2),
(34, 1),
(46, 2),
(24, 4),
(79, 1),
(62, 2);

-- --------------------------------------------------------

--
-- Table structure for table `users`
--

CREATE TABLE `users` (
  `uid` int(11) NOT NULL,
  `name` varchar(10) NOT NULL,
  `surname` varchar(255) NOT NULL,
  `email` varchar(255) NOT NULL,
  `password` varchar(255) NOT NULL,
  `status` tinyint(1) NOT NULL,
  `age` tinyint(4) NOT NULL COMMENT 'Kullanıcı Yaşı',
  `date` datetime NOT NULL COMMENT 'Kullanıcı Kayıt Tarihi'
) ENGINE=InnoDB DEFAULT CHARSET=utf8;

--
-- Dumping data for table `users`
--

INSERT INTO `users` (`uid`, `name`, `surname`, `email`, `password`, `status`, `age`, `date`) VALUES
(3, 'Ali', 'Bil', 'kemal@mail.com', '12345', 1, 84, '2023-02-04 11:43:32'),
(5, 'Mehmet', 'Bilsinler', 'mehmet@mail.com', '12345', 1, 60, '2023-02-04 12:43:32'),
(6, 'Kaan', 'Bilsinler', 'kaan@mail.com', '12345', 0, 49, '2023-02-04 12:43:32'),
(7, 'Fatihcan', 'Bil', 'fatih@mail.com', '12345', 1, 64, '2023-02-04 11:43:32'),
(101, 'Zehra', 'Bilsin', 'zehra@mail.com', '6lXYqe', 1, 73, '2023-01-18 06:54:14'),
(102, 'Ali', 'Gascoine', 'lgascoine1@hugedomains.com', 'joWcKDB1Ah74', 0, 72, '2022-03-29 20:35:17'),
(104, 'Wrennie', 'Sailer', 'wsailer3@simplemachines.org', 'Mz9bFZRMuWA', 1, 1, '2022-04-25 01:33:30'),
(109, 'Samuel', 'Bette', 'sbette8@yandex.ru', 'idQ8JCrp8M', 1, 43, '2023-02-02 17:56:18'),
(110, 'Brant', 'Morecombe', 'bmorecombe9@paginegialle.it', 'iOBQPB1', 0, 29, '2022-05-17 11:05:09'),
(111, 'Katrinka', 'Raspison', 'kraspisona@dagondesign.com', 'rHKEi9Yv7tW', 0, 15, '2022-08-20 19:41:41'),
(112, 'Lonna', 'Smedmoor', 'lsmedmoorb@com.com', 'xtwyXulQ', 0, 85, '2022-10-03 15:22:53'),
(113, 'Rogerio', 'Broadwood', 'rbroadwoodc@census.gov', 'gjNp8E3D', 1, 83, '2022-10-23 06:48:20'),
(114, 'Leticia', 'Wooding', 'lwoodingd@photobucket.com', 'vKpqiFlkHKci', 1, 63, '2022-12-14 16:29:24'),
(115, 'Domingo', 'Gannan', 'dgannane@businesswire.com', 'e4Hdflg', 0, 62, '2022-02-09 00:51:17'),
(116, 'Jilly', 'Norvill', 'jnorvillf@uol.com.br', 'KPLxnR1QD', 0, 23, '2022-12-02 19:56:55'),
(117, 'Silvio', 'Woodfine', 'swoodfineg@msu.edu', 'WJWR5T9Rr', 1, 27, '2022-06-21 10:33:00'),
(118, 'Ody', 'Spurway', 'ospurwayh@google.com', 'L3X5JmzsBQQ', 1, 66, '2022-06-05 12:04:18'),
(119, 'Craig', 'Harpin', 'charpini@themeforest.net', 'GIjzsWgNa', 1, 51, '2022-03-27 14:57:11'),
(120, 'Sanford', 'Palk', 'spalkj@chronoengine.com', 'snKAWCpQ', 0, 55, '2022-02-20 07:14:35'),
(121, 'Gustavus', 'Gunter', 'ggunterk@springer.com', 'nz8RXWVRHbfa', 0, 25, '2022-03-10 04:50:52'),
(122, 'Broderick', 'Tonner', 'btonnerl@timesonline.co.uk', '43cENL23Eu', 0, 58, '2022-03-09 19:53:42'),
(123, 'Anna-maria', 'Salandino', 'asalandinom@a8.net', 'yq9bvZL5wmA9', 1, 15, '2022-08-14 15:16:09'),
(124, 'Harrietta', 'Humm', 'hhummn@github.io', '3XeesH', 0, 98, '2022-07-13 23:22:10'),
(125, 'Garnet', 'Slaney', 'gslaneyo@netlog.com', 'zNPAfuMEIS6', 0, 49, '2022-05-01 17:44:33'),
(126, 'Selina', 'Connop', 'sconnopp@goodreads.com', 'hMu4Zf', 1, 48, '2022-02-19 15:36:37'),
(127, 'Horatia', 'Treweela', 'htreweelaq@dailymail.co.uk', '17fVbRoSM', 1, 94, '2022-05-07 11:32:57'),
(128, 'Jenda', 'Lambot', 'jlambotr@barnesandnoble.com', 'EdKLuKt', 1, 30, '2022-11-06 00:25:47'),
(129, 'Thorstein', 'Fairall', 'tfairalls@answers.com', 'WNdgnlkj7i4w', 1, 66, '2023-02-13 14:04:50'),
(130, 'Timothy', 'Mattecot', 'tmattecott@zimbio.com', '82M4Pa', 0, 40, '2022-09-03 07:05:23'),
(131, 'Joleen', 'Adamolli', 'jadamolliu@wsj.com', 'OPRBIqUw', 1, 99, '2022-11-04 20:46:50'),
(132, 'Orel', 'Baffin', 'obaffinv@samsung.com', 'sPpo2EBtDs', 0, 79, '2022-10-29 14:31:33'),
(133, 'Trenna', 'Spoward', 'tspowardw@miitbeian.gov.cn', 'RIuIrs9p', 0, 99, '2022-03-15 02:28:12'),
(134, 'Brandie', 'Clapham', 'bclaphamx@posterous.com', '553If6F', 0, 57, '2022-08-22 19:15:38'),
(135, 'Torry', 'Faull', 'tfaully@ftc.gov', 'IEX5jfwUem4m', 1, 89, '2022-07-13 09:11:17'),
(136, 'Elihu', 'Kyncl', 'ekynclz@hhs.gov', 'h1iOhjjpjDRV', 0, 76, '2022-03-21 13:33:19'),
(137, 'Lauree', 'Spikeings', 'lspikeings10@mediafire.com', 'U21fa9C', 0, 11, '2022-04-21 02:09:50'),
(138, 'Sosanna', 'Filshin', 'sfilshin11@wordpress.org', 'KFWy67SXbi6', 1, 25, '2022-03-26 11:23:15'),
(139, 'Hilton', 'Dodridge', 'hdodridge12@upenn.edu', 'eamz32XHks', 1, 90, '2022-05-28 23:16:33'),
(140, 'Ondrea', 'Cavy', 'ocavy13@t-online.de', 'sECnNSv5u', 0, 81, '2022-05-31 04:41:40'),
(141, 'Kenon', 'Jewsbury', 'kjewsbury14@comsenz.com', 'nUOLbWSFg', 1, 32, '2023-01-18 08:52:22'),
(142, 'Garik', 'Goodby', 'ggoodby15@cornell.edu', '8EVru28S', 1, 17, '2023-01-29 03:20:04'),
(143, 'Tani', 'Jorn', 'tjorn16@dedecms.com', 'cLbGOD8c', 0, 86, '2022-09-02 10:54:03'),
(144, 'Lira', 'Vedekhov', 'lvedekhov17@domainmarket.com', '5dnVqUmk', 0, 84, '2022-04-20 00:32:49'),
(145, 'Martin', 'Foucard', 'mfoucard18@spotify.com', '3oRAKBv89H', 0, 62, '2022-10-18 08:20:34'),
(146, 'Bordy', 'Critch', 'bcritch19@google.cn', 'htKtuC', 0, 57, '2022-02-16 04:43:40'),
(147, 'Amabel', 'Bathowe', 'abathowe1a@squidoo.com', 'mtdH4U', 1, 2, '2022-07-05 22:44:04'),
(148, 'Husein', 'Barizeret', 'hbarizeret1b@youtu.be', 'MYM5gRs8VH', 0, 34, '2022-06-20 22:52:06'),
(149, 'Barthel', 'Toleman', 'btoleman1c@springer.com', 'iJJ9d8', 0, 63, '2022-11-26 22:12:08'),
(150, 'Sultan', 'Bilirim', 'sultany@mail.com', '12345', 1, 32, '2022-06-15 03:42:21'),
(151, 'Alford', 'Peto', 'apeto1e@twitter.com', 'V9bzv4TC6', 0, 90, '2023-02-26 03:15:51'),
(152, 'Lorianna', 'McVicar', 'lmcvicar1f@mozilla.com', 'i5PWJJPhtV1a', 0, 4, '2023-01-13 18:29:49'),
(153, 'Rodge', 'Trahair', 'rtrahair1g@youtu.be', 'EJyMkT', 1, 48, '2022-10-07 06:06:14'),
(154, 'Elly', 'Stanyforth', 'estanyforth1h@51.la', 'oNlfqNUt9V', 0, 28, '2022-03-02 16:46:30'),
(155, 'Earlie', 'Readwin', 'ereadwin1i@kickstarter.com', 'p86DRqpDzSfp', 1, 95, '2022-02-20 08:41:57'),
(156, 'Sharona', 'Mibourne', 'smibourne1j@imgur.com', 'mnwJ73m6Qm4', 0, 92, '2022-08-13 04:31:14'),
(157, 'Jennilee', 'Waltering', 'jwaltering1k@qq.com', 'MhJi6Byd', 1, 79, '2022-07-14 12:46:54'),
(158, 'Cinderella', 'Landreth', 'clandreth1l@yahoo.com', 'JmvtHfIA9HU', 1, 16, '2022-07-16 19:29:08'),
(159, 'Ab', 'Morewood', 'amorewood1m@photobucket.com', 'XpSaN79IO6x', 0, 41, '2022-08-29 08:16:33'),
(160, 'Fonzie', 'Albion', 'falbion1n@amazon.co.jp', 'gAjGThXNM9Oy', 0, 57, '2022-05-06 18:20:45'),
(161, 'Phaidra', 'Kowalski', 'pkowalski1o@goo.gl', '64qemT', 0, 61, '2022-05-14 13:12:56'),
(162, 'Lucias', 'Limon', 'llimon1p@bloglovin.com', 'jl45RoayX', 0, 37, '2022-08-25 19:50:59'),
(163, 'Nathan', 'Chiese', 'nchiese1q@wufoo.com', 'SkwtpkUa', 1, 98, '2022-10-17 23:50:04'),
(164, 'Elke', 'Murphey', 'emurphey1r@blogspot.com', '1rCTf1', 0, 83, '2022-05-10 12:15:05'),
(165, 'Linet', 'Hallowes', 'lhallowes1s@nymag.com', 'k2HuyFD', 0, 21, '2022-04-15 09:33:08'),
(166, 'Dorelle', 'Govey', 'dgovey1t@gravatar.com', 'JMQaKADfk', 1, 53, '2022-02-28 03:13:27'),
(167, 'Randee', 'Eliet', 'reliet1u@w3.org', '8ad8Hvon4Y', 1, 3, '2022-09-29 09:37:46'),
(168, 'Fabien', 'Duthy', 'fduthy1v@freewebs.com', 'B9gBZMu', 0, 53, '2022-08-25 14:31:38'),
(169, 'Willy', 'Dowthwaite', 'wdowthwaite1w@pen.io', 'zRmP5472e', 1, 59, '2022-04-14 12:33:00'),
(170, 'Karita', 'Addekin', 'kaddekin1x@toplist.cz', 'LAts6TCOsZY6', 0, 37, '2022-07-02 00:45:37'),
(171, 'Hodge', 'Highman', 'hhighman1y@about.me', 'pyxmYVkry', 0, 6, '2022-07-01 10:44:37'),
(172, 'Rem', 'Oxtiby', 'roxtiby1z@issuu.com', 'gz2QoX', 0, 19, '2022-03-10 13:16:45'),
(173, 'Darcy', 'Telezhkin', 'dtelezhkin20@trellian.com', 'dhTzMUEPJri', 0, 76, '2022-06-30 10:37:16'),
(174, 'Lavinie', 'Lanphere', 'llanphere21@cbsnews.com', '43yKTKFHtcXB', 0, 24, '2022-05-16 22:13:50'),
(175, 'Roosevelt', 'Edie', 'redie22@hugedomains.com', 'Sx9TCuf', 0, 90, '2023-02-20 17:25:44'),
(176, 'Feodor', 'Enoksson', 'fenoksson23@scribd.com', '85X0s1', 0, 79, '2022-04-11 16:39:41'),
(177, 'Nannette', 'Cano', 'ncano24@msn.com', '3XN1x8', 0, 28, '2022-05-29 18:20:06'),
(178, 'Yehudit', 'Coombe', 'ycoombe25@archive.org', 'fgncSQl1phBu', 0, 1, '2023-01-23 16:13:51'),
(179, 'Husain', 'Gascoyne', 'hgascoyne26@huffingtonpost.com', 'AF0uCXb0Mrs', 1, 20, '2022-12-29 07:49:10'),
(180, 'Prue', 'Twinbrow', 'ptwinbrow27@blinklist.com', 'yJkl676', 1, 94, '2022-12-05 13:25:04'),
(181, 'Kelwin', 'Campe', 'kcampe28@un.org', 'Oc9nlhIdSw', 0, 15, '2022-12-11 16:13:53'),
(182, 'Dene', 'Mackieson', 'dmackieson29@comsenz.com', '7lYgH9', 0, 88, '2022-05-02 17:55:39'),
(183, 'Fernanda', 'Livard', 'flivard2a@4shared.com', 'M06ldWm', 0, 97, '2022-12-21 05:08:23'),
(184, 'Abbey', 'Bower', 'abower2b@discovery.com', 'i8Z1iwqoR1c', 0, 25, '2022-10-27 01:32:40'),
(185, 'Ashlin', 'Henighan', 'ahenighan2c@networkadvertising.org', '5eoURuCO', 1, 29, '2022-07-18 11:06:32'),
(186, 'Anita', 'Tallowin', 'atallowin2d@trellian.com', 'se8Y5B1t1xxD', 1, 71, '2022-10-16 06:36:43'),
(187, 'Tymothy', 'McCluin', 'tmccluin2e@nature.com', 'WsVLXd', 0, 68, '2022-06-03 18:32:56'),
(188, 'Dilly', 'Stoke', 'dstoke2f@people.com.cn', 'JrNsouf', 0, 30, '2022-05-29 13:48:56'),
(189, 'Ryun', 'McHaffy', 'rmchaffy2g@weibo.com', 'iYcNjClf', 0, 42, '2022-06-30 05:42:22'),
(190, 'Tomlin', 'Ridler', 'tridler2h@sfgate.com', 'SdO2QD', 1, 23, '2022-05-06 15:50:18'),
(191, 'Morty', 'Tibb', 'mtibb2i@hhs.gov', 'DdeuLWJ', 0, 86, '2022-07-18 17:39:47'),
(192, 'Cathi', 'Misson', 'cmisson2j@nydailynews.com', 'NKpVHaWCV', 1, 66, '2022-11-07 22:19:17'),
(193, 'Pancho', 'Knappitt', 'pknappitt2k@mapy.cz', 'xcBqF44p', 0, 68, '2022-06-04 23:51:11'),
(194, 'Hal', 'La Vigne', 'hlavigne2l@51.la', 'avOJtNpw', 0, 43, '2022-10-20 12:20:53'),
(195, 'Aindrea', 'Farrington', 'afarrington2m@google.cn', 'wybVKJ1EhD', 1, 13, '2022-03-27 14:30:55'),
(196, 'Grady', 'Semens', 'gsemens2n@jalbum.net', 'HA2mHfc4B2', 1, 32, '2022-03-17 06:58:02'),
(197, 'Warren', 'Ennever', 'wennever2o@infoseek.co.jp', 'OfFA2FES34UX', 1, 23, '2022-06-13 11:19:13'),
(198, 'Earle', 'Exroll', 'eexroll2p@wikispaces.com', 'Jyd0fsnyMg', 0, 16, '2022-04-23 18:41:09'),
(199, 'Lammond', 'Chilley', 'lchilley2q@t.co', 'm7XBIvz0R', 1, 13, '2022-02-10 05:32:02'),
(200, 'Berkie', 'Spurdens', 'bspurdens2r@amazon.de', 'v7pIo0ZS', 0, 15, '2022-08-21 09:26:19'),
(201, 'Gustie', 'Stearley', 'gstearley2s@ow.ly', 'nPkZHxTbAa', 1, 38, '2022-05-03 23:16:34'),
(202, 'Christin', 'Richold', 'crichold2t@flickr.com', 'Zrelug6XJ', 1, 43, '2022-08-10 13:14:06'),
(203, 'Mozelle', 'Kuna', 'mkuna2u@altervista.org', 'KWizCaZAL', 0, 2, '2022-03-18 06:29:28'),
(204, 'Oswell', 'Bowsher', 'obowsher2v@elpais.com', 'l5yY9FtWmyiW', 0, 77, '2022-12-28 06:42:38'),
(205, 'Kyla', 'Heaslip', 'kheaslip2w@cloudflare.com', 'z00hvH3RTRd', 0, 82, '2022-06-25 15:23:12'),
(206, 'Thayne', 'Wasiela', 'twasiela2x@free.fr', '6akDv0c', 1, 78, '2022-09-20 02:52:18'),
(207, 'My', 'Canham', 'mcanham2y@vkontakte.ru', 'TsIhdAQ', 0, 47, '2023-02-19 10:47:34'),
(208, 'Morry', 'Laurisch', 'mlaurisch2z@huffingtonpost.com', 'pI9cfK0', 0, 97, '2022-03-14 07:28:20'),
(209, 'Kathye', 'Treverton', 'ktreverton30@netscape.com', 'fh7Zg3BTm', 1, 48, '2022-03-03 14:00:27'),
(210, 'Dacia', 'Colbrun', 'dcolbrun31@home.pl', 'hZD1Wxb1', 1, 49, '2022-06-21 14:16:26'),
(211, 'Malanie', 'Ollivierre', 'mollivierre32@china.com.cn', '6GnUQTTZw8Oh', 1, 98, '2022-02-11 14:04:34'),
(212, 'Griswold', 'Angus', 'gangus33@squidoo.com', '76oQBC9KYBIJ', 0, 48, '2023-01-06 03:33:13'),
(213, 'Tricia', 'Shyram', 'tshyram34@aol.com', 'kCGhMp6CmrWV', 0, 42, '2022-12-03 19:53:09'),
(214, 'Burt', 'Seivertsen', 'bseivertsen35@github.io', 'RrQMNTAtMuY', 0, 66, '2022-06-27 17:56:35'),
(215, 'Clair', 'Foyston', 'cfoyston36@hud.gov', 'F96njmI3seG', 1, 4, '2022-09-14 16:56:41'),
(216, 'Berthe', 'Plascott', 'bplascott37@youtu.be', 'IRnT8W2C6dw', 0, 21, '2022-03-20 11:05:22'),
(217, 'Aron', 'Giddons', 'agiddons38@ow.ly', 'SWZPK7cb', 0, 94, '2022-06-13 00:39:28'),
(218, 'Joela', 'Bengtsen', 'jbengtsen39@123-reg.co.uk', 'm721V6', 1, 9, '2022-07-13 04:36:27'),
(219, 'Agneta', 'Bridgstock', 'abridgstock3a@shop-pro.jp', '5hINp8T2mf55', 0, 59, '2022-11-18 07:55:09'),
(220, 'Junina', 'Boobier', 'jboobier3b@cnbc.com', 'eDdJOuW4Z', 1, 68, '2022-03-04 10:54:31'),
(221, 'Jeni', 'Geroldi', 'jgeroldi3c@abc.net.au', 'Ou9EpQGg5QYP', 1, 65, '2023-01-19 13:37:35'),
(222, 'Marie', 'Staning', 'mstaning3d@wikia.com', 'pJxPXhPy', 0, 22, '2022-06-20 02:27:09'),
(223, 'Courtnay', 'Swinburn', 'cswinburn3e@drupal.org', '1bO1McvuztU', 0, 13, '2022-11-14 21:03:34'),
(224, 'Merrilee', 'McNab', 'mmcnab3f@mtv.com', 'n8JQJqlo', 1, 96, '2023-02-11 22:57:32'),
(225, 'Sanders', 'Cutmare', 'scutmare3g@economist.com', 'qMewy2nTMU8W', 0, 45, '2022-12-18 18:18:16'),
(226, 'Alyce', 'Chavrin', 'achavrin3h@scientificamerican.com', 'YSd0TMOpH7V', 0, 36, '2023-01-17 04:51:43'),
(227, 'Teresina', 'Greim', 'tgreim3i@mlb.com', 'MfMWzHv75OK', 0, 42, '2022-02-06 03:18:46'),
(228, 'Garv', 'Roubay', 'groubay3j@cisco.com', 'ApFJ9DvHT', 1, 6, '2022-12-06 08:30:17'),
(229, 'Kesley', 'Cadell', 'kcadell3k@artisteer.com', 'VIS7fB', 1, 3, '2022-03-21 09:16:34'),
(230, 'Brandy', 'Dioniso', 'bdioniso3l@wp.com', 'Ckfcj5j789E', 0, 93, '2022-08-07 06:01:07'),
(231, 'Serene', 'Rudsdale', 'srudsdale3m@twitpic.com', 'Efe0w0', 0, 61, '2022-08-04 06:34:09'),
(232, 'Reinwald', 'Botterill', 'rbotterill3n@cnbc.com', 'zAVaPUa', 1, 23, '2022-10-05 01:14:25'),
(233, 'Ramonda', 'Housbey', 'rhousbey3o@stanford.edu', 'DlOzPBK3x', 1, 32, '2022-08-02 10:16:26'),
(234, 'Hurleigh', 'Ervin', 'hervin3p@acquirethisname.com', 'ZZ0gTGsvW', 1, 92, '2022-04-01 10:21:06'),
(235, 'Mikey', 'Norval', 'mnorval3q@rakuten.co.jp', 'qI25k5SG', 0, 67, '2022-11-02 06:12:32'),
(236, 'Broderic', 'Brydon', 'bbrydon3r@com.com', 'MlgzhfAHP1', 1, 58, '2022-12-22 11:48:17'),
(237, 'Hartwell', 'Praten', 'hpraten3s@virginia.edu', 'w0E9h2ZNZZ5Z', 0, 90, '2022-03-25 06:53:25'),
(238, 'Tate', 'Beal', 'tbeal3t@dmoz.org', 'O6q60u', 0, 76, '2023-02-13 20:43:35'),
(239, 'Gusta', 'Leader', 'gleader3u@feedburner.com', 'caFz1m', 0, 10, '2023-01-05 19:27:34'),
(240, 'Adamo', 'Ahrendsen', 'aahrendsen3v@studiopress.com', 'qIJ6oCSt', 0, 22, '2022-12-28 23:31:23'),
(241, 'Susann', 'Snozzwell', 'ssnozzwell3w@dailymotion.com', 'tTb5CS5as8nN', 0, 76, '2022-10-11 12:28:55'),
(242, 'Eamon', 'Postgate', 'epostgate3x@symantec.com', 'IQh6i3l7', 0, 20, '2022-07-11 11:39:45'),
(243, 'Trescha', 'Phythian', 'tphythian3y@t-online.de', 'Fk7CUZrUYNAj', 0, 66, '2022-03-29 22:37:50'),
(244, 'Welby', 'Salomon', 'wsalomon3z@amazon.com', 'uKd1lu7CZpp', 0, 74, '2022-08-11 02:39:39'),
(245, 'Andonis', 'Vigus', 'avigus40@jugem.jp', 'yt7JV5Q', 0, 70, '2022-06-03 10:46:10'),
(246, 'Kary', 'Coughlan', 'kcoughlan41@rakuten.co.jp', 'QsLKoIvbq', 1, 28, '2022-06-03 04:12:37'),
(247, 'Nikolai', 'Linscott', 'nlinscott42@epa.gov', 'ELXQLyfRBTe', 1, 31, '2022-02-07 07:16:58'),
(248, 'Emile', 'Ellissen', 'eellissen43@wp.com', 'p2Sounc5', 1, 69, '2022-04-24 16:54:56'),
(249, 'Katerina', 'Brantzen', 'kbrantzen44@cafepress.com', 'nEtZrJigV', 1, 53, '2022-12-20 02:43:33'),
(250, 'Maren', 'Wrenn', 'mwrenn45@imgur.com', '2Beb1p7e5', 1, 59, '2022-11-29 02:13:11'),
(251, 'Agnella', 'Deacon', 'adeacon46@census.gov', 'MhEsbFpa5F', 0, 36, '2022-09-19 22:44:59'),
(252, 'Holden', 'Giblin', 'hgiblin47@ucla.edu', 'pKGEtCl9wq', 1, 3, '2022-12-20 10:01:41'),
(253, 'Forest', 'Retallick', 'fretallick48@jugem.jp', 'cxEvicbTSA', 0, 5, '2022-09-19 15:41:15'),
(254, 'Early', 'Dunbobin', 'edunbobin49@imdb.com', 'QgqKLbN8B', 1, 14, '2022-02-05 11:52:23'),
(255, 'Elbertina', 'Yewdale', 'eyewdale4a@sogou.com', 'wyuHaMBH6', 0, 57, '2022-08-29 18:25:57'),
(256, 'Alidia', 'Warland', 'awarland4b@scribd.com', 'Fa94pqvId', 1, 45, '2022-05-16 11:40:03'),
(257, 'Lorin', 'Spraberry', 'lspraberry4c@merriam-webster.com', 'SK6MgN', 1, 53, '2022-08-11 17:03:56'),
(258, 'Andrew', 'Fidele', 'afidele4d@harvard.edu', 'dIFqpmBciBc', 0, 32, '2022-11-08 13:33:28'),
(259, 'Tommi', 'Trehearn', 'ttrehearn4e@angelfire.com', 'r0rH44dzp', 1, 98, '2022-02-11 14:01:27'),
(260, 'Basilio', 'Wallworth', 'bwallworth4f@microsoft.com', 'fyUpRmFtusy', 1, 95, '2023-01-12 01:08:59'),
(261, 'Byrom', 'Hickinbottom', 'bhickinbottom4g@dailymail.co.uk', 'AqAl8VEaE', 0, 84, '2022-07-02 02:00:10'),
(262, 'Ingmar', 'Ambrois', 'iambrois4h@bravesites.com', 'vBmVAcP', 0, 36, '2022-05-12 17:29:07'),
(263, 'Bear', 'Schoenfisch', 'bschoenfisch4i@hubpages.com', 'D2esfD8uHGzm', 1, 24, '2023-01-13 17:48:43'),
(264, 'Astrid', 'Haskayne', 'ahaskayne4j@usda.gov', 'V5WPRKwVa', 1, 13, '2022-10-19 19:28:09'),
(265, 'Emmalyn', 'Blanshard', 'eblanshard4k@jalbum.net', 'bVJ48yGF', 1, 93, '2022-02-09 14:46:36'),
(266, 'Porter', 'Shiels', 'pshiels4l@github.com', 'IdeY5k', 1, 26, '2022-12-05 04:50:22'),
(267, 'Jeth', 'Manchett', 'jmanchett4m@cloudflare.com', '2b1cMdLSX', 1, 51, '2022-03-24 20:14:56'),
(268, 'Nanon', 'Winkett', 'nwinkett4n@zdnet.com', 'DudJESdxqmy3', 0, 79, '2023-01-25 05:45:35'),
(269, 'Ladonna', 'Chestnutt', 'lchestnutt4o@mediafire.com', 'LGSvUY', 0, 41, '2022-10-19 06:04:25'),
(270, 'Carlene', 'Claringbold', 'cclaringbold4p@europa.eu', 'BOplWCAe', 1, 68, '2022-04-23 11:19:56'),
(271, 'Devon', 'Hillborne', 'dhillborne4q@tmall.com', 'TE39u6K', 1, 17, '2022-12-07 19:41:11'),
(272, 'Nickolas', 'Rillstone', 'nrillstone4r@reddit.com', 'bCxkvq', 1, 79, '2022-02-12 00:02:39'),
(273, 'Ward', 'Potkins', 'wpotkins4s@umich.edu', 'WSo36M1x5', 0, 46, '2022-08-10 02:11:48'),
(274, 'Gabbi', 'Bruhnicke', 'gbruhnicke4t@yandex.ru', 'yAuNy3C', 0, 91, '2022-08-30 16:45:07'),
(275, 'Minnie', 'Dallman', 'mdallman4u@omniture.com', 'GAK9UYUTjx', 0, 19, '2022-11-26 22:10:31'),
(276, 'Pattin', 'Petticrew', 'ppetticrew4v@mlb.com', '1phawcyv3vvv', 0, 21, '2022-02-20 17:02:38'),
(277, 'Cary', 'Ainsworth', 'cainsworth4w@huffingtonpost.com', 'OnWpCv3BF', 0, 49, '2022-03-13 23:11:54'),
(278, 'Herta', 'Davenhall', 'hdavenhall4x@tmall.com', 'ldbKaIQB4', 1, 81, '2022-08-12 13:39:37'),
(279, 'Tremain', 'Leyrroyd', 'tleyrroyd4y@dailymail.co.uk', '3SpBmZaT05w', 0, 58, '2022-09-15 13:46:58'),
(280, 'Magda', 'Espy', 'mespy4z@vinaora.com', 'hiF5KUCLBUF', 0, 47, '2022-02-21 08:46:16'),
(281, 'Ogdan', 'Springtorpe', 'ospringtorpe50@theguardian.com', 'MRYD8w5ZT', 0, 62, '2022-04-30 21:55:51'),
(282, 'Gratia', 'Blaxill', 'gblaxill51@mozilla.org', 'dJoDFqo', 0, 69, '2022-09-16 13:30:59'),
(283, 'Essa', 'Prosch', 'eprosch52@ifeng.com', 'w7KbVzo', 0, 60, '2023-01-24 00:46:10'),
(284, 'Nero', 'Thackston', 'nthackston53@techcrunch.com', 'IMNW7KX', 1, 91, '2022-03-04 01:21:49'),
(285, 'Carol', 'Nyssen', 'cnyssen54@nyu.edu', 'm6s8iT7', 1, 77, '2022-09-23 21:33:33'),
(286, 'Alicea', 'Klyner', 'aklyner55@prlog.org', 'UZZ1fC0kxRe', 1, 13, '2022-08-12 02:30:30'),
(287, 'Clarisse', 'Purchall', 'cpurchall56@surveymonkey.com', 'kpT7L4So', 1, 32, '2022-07-27 04:49:53'),
(288, 'Minny', 'Sunner', 'msunner57@google.nl', '2wqK0NG8', 0, 20, '2023-01-03 04:55:08'),
(289, 'Chrisy', 'Masding', 'cmasding58@tripadvisor.com', 'IGYeImDGC1', 1, 3, '2022-08-27 02:37:20'),
(290, 'Dinny', 'Konig', 'dkonig59@acquirethisname.com', 'snXFPYmX63', 0, 54, '2022-10-28 03:49:04'),
(291, 'North', 'Askie', 'naskie5a@nsw.gov.au', 'kH4rQrSmrJwN', 1, 64, '2022-06-29 04:10:46'),
(292, 'Nancy', 'Duff', 'nduff5b@unesco.org', '4oiTbeO9x', 1, 56, '2022-06-21 00:19:43'),
(293, 'Walton', 'Elcy', 'welcy5c@edublogs.org', 'njn8xp', 1, 90, '2022-08-12 21:46:52'),
(294, 'Bail', 'Hurren', 'bhurren5d@blogspot.com', 'IZMSytoDsL', 0, 81, '2022-04-26 19:09:15'),
(295, 'Rora', 'Stout', 'rstout5e@yahoo.co.jp', '1lqDHhbRS6bB', 0, 38, '2022-07-17 19:33:24'),
(296, 'Dennis', 'Coaster', 'dcoaster5f@google.pl', 'fJZ4iCxe', 1, 46, '2022-11-11 08:34:56'),
(297, 'Jolene', 'Tatterton', 'jtatterton5g@narod.ru', '083R8wz', 1, 14, '2022-10-16 07:13:40'),
(298, 'Liuka', 'Lacky', 'llacky5h@jalbum.net', 'Tgb1u4VD', 0, 32, '2022-07-06 21:33:32'),
(299, 'Hamlin', 'Shotton', 'hshotton5i@cargocollective.com', 'RyAfUBslVJ3', 0, 17, '2022-05-01 09:40:11'),
(300, 'Jodi', 'Gossan', 'jgossan5j@merriam-webster.com', 'I3aCo3qA', 1, 90, '2022-03-01 09:24:43'),
(301, 'Barbette', 'Iashvili', 'biashvili5k@nytimes.com', 'XBmNkGKXRtcM', 0, 2, '2022-04-13 19:46:56'),
(302, 'Nico', 'Skehan', 'nskehan5l@com.com', 'jO6Daaqlc', 0, 38, '2022-04-24 07:51:01'),
(303, 'Barnard', 'Adicot', 'badicot5m@mit.edu', 'hYQA2V', 1, 82, '2022-07-04 05:25:48'),
(304, 'Hagan', 'Hymus', 'hhymus5n@163.com', 'tBeBEe', 0, 1, '2022-07-09 05:38:51'),
(305, 'Willi', 'Zorzenoni', 'wzorzenoni5o@ebay.com', 'MbEhHPqsXF3', 0, 53, '2022-07-02 18:52:00'),
(306, 'Rhianon', 'Popplewell', 'rpopplewell5p@alexa.com', 'RvAWcSv8', 1, 64, '2023-01-25 23:16:43'),
(307, 'Niall', 'Riccardo', 'nriccardo5q@infoseek.co.jp', 'd5jb57CEN1h', 0, 62, '2022-12-28 02:07:01'),
(308, 'Emmaline', 'Lghan', 'elghan5r@amazonaws.com', 'QJ1vxuMkOB', 0, 19, '2022-04-01 14:29:04'),
(309, 'Jessa', 'Pabst', 'jpabst5s@comcast.net', 'jUwXOZA', 1, 7, '2022-05-28 15:55:05'),
(310, 'Artemis', 'Vink', 'avink5t@examiner.com', 'joRaYQlFawee', 0, 76, '2022-12-20 09:17:24'),
(311, 'Raf', 'Tidey', 'rtidey5u@buzzfeed.com', '3FwCjMBHSOl', 1, 60, '2022-09-15 03:13:15'),
(312, 'Beltran', 'Tallow', 'btallow5v@msu.edu', 'loGdVL41WkPD', 1, 73, '2022-09-27 07:42:33'),
(313, 'Kitty', 'Cain', 'kcain5w@pagesperso-orange.fr', 'DxBOvPk', 0, 84, '2022-08-24 07:54:17'),
(314, 'Tandi', 'McConaghy', 'tmcconaghy5x@loc.gov', 'DKPA8OA5', 0, 3, '2022-04-17 18:48:35'),
(315, 'Cairistion', 'Caughte', 'ccaughte5y@rambler.ru', 'UOvS7NjKTs', 1, 61, '2023-01-26 00:45:52'),
(316, 'Corbet', 'Schwaiger', 'cschwaiger5z@ezinearticles.com', 'a0v0VQ', 0, 97, '2022-03-03 01:17:52'),
(317, 'Betsey', 'McNeilly', 'bmcneilly60@techcrunch.com', 'VdS3vYcJX1W', 1, 3, '2022-04-26 03:18:32'),
(318, 'Delphine', 'Virgoe', 'dvirgoe61@hubpages.com', '1ffKb4DEUY', 0, 20, '2022-08-09 02:25:03'),
(319, 'Elisha', 'Troctor', 'etroctor62@arizona.edu', 'qFarV1X', 0, 91, '2022-02-18 07:23:10'),
(320, 'Jefferey', 'Heaysman', 'jheaysman63@merriam-webster.com', 'Wg0dqCb9cx3', 1, 99, '2022-08-07 00:56:23'),
(321, 'Talbot', 'Serrels', 'tserrels64@deliciousdays.com', 'iQflIfE', 0, 22, '2022-11-02 03:54:31'),
(322, 'Carena', 'D\'eathe', 'cdeathe65@linkedin.com', 'WqO7pbi8ItqC', 1, 9, '2022-05-17 10:31:11'),
(323, 'Kattie', 'Gulc', 'kgulc66@dagondesign.com', 'aJkPt1p', 0, 80, '2022-11-07 09:12:13'),
(324, 'Amil', 'Toffetto', 'atoffetto67@booking.com', 'ch8o2Q', 1, 73, '2022-06-18 03:41:57'),
(325, 'Pearline', 'Waslin', 'pwaslin68@sun.com', 'TbLIb1gZV', 0, 25, '2022-04-17 18:05:40'),
(326, 'Dynah', 'Scarborough', 'dscarborough69@apple.com', '2Yf3JWF', 0, 6, '2022-09-04 22:15:19'),
(327, 'Carolyn', 'Brunesco', 'cbrunesco6a@t.co', 'GcJ7YwEhvW', 0, 54, '2022-09-07 08:34:55'),
(328, 'Edsel', 'Belcham', 'ebelcham6b@sourceforge.net', 'mhhwOUsXHMq', 0, 52, '2022-10-06 13:38:37'),
(329, 'Edgardo', 'Bulle', 'ebulle6c@yellowbook.com', '43wN9SfJ', 0, 97, '2022-07-04 01:24:30'),
(330, 'Roscoe', 'Chalice', 'rchalice6d@sfgate.com', 'THXMQZLTf', 0, 31, '2023-01-04 19:27:19'),
(331, 'Raf', 'Munby', 'rmunby6e@smh.com.au', 'uWPqTUy5GHz', 0, 63, '2022-08-21 08:21:21'),
(332, 'Eduard', 'Moyers', 'emoyers6f@google.co.jp', 'sJdZnbzfxOd', 1, 25, '2022-03-02 02:26:38'),
(333, 'Ediva', 'Tripney', 'etripney6g@jiathis.com', 'SGuyWhbYuN', 0, 32, '2022-08-07 10:16:46'),
(334, 'Kane', 'Bedbrough', 'kbedbrough6h@microsoft.com', 'Wy11atCN9A', 1, 84, '2022-12-23 17:04:44'),
(335, 'Heloise', 'Gronow', 'hgronow6i@youtu.be', 'oXZAry2Z3AS', 0, 26, '2022-06-20 18:14:20'),
(336, 'Jane', 'Grace', 'jgrace6j@yahoo.co.jp', 'p3Gt7jW', 1, 75, '2022-02-08 03:45:22'),
(337, 'Darryl', 'Beadles', 'dbeadles6k@booking.com', 'oixHuk', 0, 2, '2022-03-20 13:11:33'),
(338, 'Benedict', 'Craigg', 'bcraigg6l@tamu.edu', 'tVz9eGbwmPUb', 0, 81, '2022-10-25 15:30:52'),
(339, 'Krishnah', 'Grishunin', 'kgrishunin6m@examiner.com', '19u9X92w8X7P', 0, 1, '2023-02-08 09:56:28'),
(340, 'Erick', 'Killerby', 'ekillerby6n@ucoz.ru', 'GFRifDqV3', 1, 58, '2023-01-27 00:41:28'),
(341, 'Fallon', 'Mabson', 'fmabson6o@purevolume.com', 'f1NwZgHobqC', 1, 90, '2022-10-03 18:01:59'),
(342, 'Pip', 'McQuode', 'pmcquode6p@free.fr', 'x2TG7zC', 1, 75, '2022-07-24 03:13:27'),
(343, 'Ava', 'Darnell', 'adarnell6q@oaic.gov.au', 'ywQnH7', 0, 9, '2022-11-07 06:32:42'),
(344, 'Leonore', 'Killgus', 'lkillgus6r@pinterest.com', 'hy1WH1MZyq', 1, 15, '2022-10-26 00:02:04'),
(345, 'Nobe', 'Malinowski', 'nmalinowski6s@salon.com', 'fCPjrmX', 0, 47, '2022-05-22 02:38:53'),
(346, 'Cchaddie', 'Coxhell', 'ccoxhell6t@e-recht24.de', 'ZH8lv6', 0, 91, '2023-02-05 16:30:40'),
(347, 'Rance', 'Kew', 'rkew6u@netvibes.com', 'Gy9tO8yna', 0, 16, '2022-09-11 16:05:18'),
(348, 'Charisse', 'Fone', 'cfone6v@opensource.org', '1yuOQzWFDkO', 1, 3, '2022-03-06 01:04:22'),
(349, 'Rhianon', 'Hume', 'rhume6w@weather.com', 'OLu8DU515e', 0, 68, '2023-01-15 08:27:50'),
(350, 'Diahann', 'Wace', 'dwace6x@hud.gov', 'kLLDpY', 1, 34, '2022-05-04 04:54:09'),
(351, 'Jase', 'Wixey', 'jwixey6y@wufoo.com', 'nHUeY4qIq', 0, 65, '2022-08-01 05:33:33'),
(352, 'Shandee', 'Vasilkov', 'svasilkov6z@comsenz.com', 'D4OiO2', 1, 22, '2022-07-07 21:12:16'),
(353, 'Lefty', 'Fishley', 'lfishley70@cisco.com', 'jLcic5INZC', 1, 16, '2023-01-31 07:39:11'),
(354, 'Marja', 'Pettendrich', 'mpettendrich71@opera.com', 'orCdXIKxOEJ4', 1, 12, '2022-10-09 13:45:14'),
(355, 'Matthieu', 'Archell', 'marchell72@mac.com', '3w9PdfB', 0, 11, '2023-01-10 18:05:34'),
(356, 'Venus', 'Cinelli', 'vcinelli73@amazonaws.com', 'OTh36Sn2idV', 1, 19, '2022-04-05 15:55:29'),
(357, 'Elvis', 'Merriment', 'emerriment74@phpbb.com', 'Ea8FjOXEXYY', 0, 63, '2022-07-31 08:07:28'),
(358, 'Wolfie', 'Wittering', 'wwittering75@answers.com', '6r4nd1u2gZ', 0, 59, '2022-04-21 04:53:43'),
(359, 'Dianemarie', 'Castagnaro', 'dcastagnaro76@wsj.com', 'GR5qHy', 1, 7, '2023-01-14 14:24:04'),
(360, 'Irwinn', 'Uc', 'iuc77@earthlink.net', 'oDUzM12WIr', 1, 56, '2022-12-14 18:43:53'),
(361, 'Doreen', 'Impson', 'dimpson78@cafepress.com', '4fdIkig1yPX', 0, 62, '2022-10-12 18:11:58'),
(362, 'Orelle', 'Mohan', 'omohan79@ucsd.edu', '0NmMLALdWSv', 1, 39, '2022-11-03 03:56:20'),
(363, 'Eilis', 'Dear', 'edear7a@cbc.ca', 'm12jW9wu', 0, 11, '2022-12-06 07:26:20'),
(364, 'Lemmie', 'Bemlott', 'lbemlott7b@geocities.com', 'EY0rCoax', 0, 36, '2022-08-31 00:15:41'),
(365, 'Lenard', 'Hannay', 'lhannay7c@go.com', '6k178kKnX9n', 0, 49, '2022-09-04 11:38:34'),
(366, 'Cordula', 'Iddins', 'ciddins7d@flavors.me', 'ApNiemNBA', 1, 36, '2022-08-03 01:32:06'),
(367, 'Mollee', 'Sage', 'msage7e@springer.com', 'OjRaOzdFexG', 0, 32, '2022-12-22 09:17:29'),
(368, 'Krystalle', 'Reubel', 'kreubel7f@auda.org.au', 'jW6XNUN9UNsD', 0, 50, '2022-12-04 17:02:49'),
(369, 'Dominga', 'Dunster', 'ddunster7g@merriam-webster.com', 'Z9wT0AQJ9', 1, 58, '2022-08-13 05:17:27'),
(370, 'Fredia', 'Breache', 'fbreache7h@wiley.com', '86oFmmGIW8a', 0, 37, '2022-12-17 23:41:36'),
(371, 'Bobette', 'Barkway', 'bbarkway7i@surveymonkey.com', 'fmwRQtCvL', 1, 13, '2022-07-01 13:47:30'),
(372, 'Dunc', 'Gawthrop', 'dgawthrop7j@arizona.edu', 'SxVf9w', 1, 53, '2022-04-24 13:44:46'),
(373, 'Charyl', 'Brinklow', 'cbrinklow7k@oakley.com', 'DFRA51V', 1, 28, '2023-01-16 00:06:14'),
(374, 'Sheila', 'Hatherleigh', 'shatherleigh7l@loc.gov', 'R3L8bTAk0Ccy', 1, 78, '2022-02-20 10:11:01'),
(375, 'Thibaut', 'Danilovitch', 'tdanilovitch7m@unicef.org', 'gX4bA3', 0, 8, '2022-03-27 23:27:57'),
(376, 'Mireille', 'Kilroy', 'mkilroy7n@sbwire.com', 'YIcEYbyk', 1, 5, '2022-08-14 16:22:56'),
(377, 'Aviva', 'Gilford', 'agilford7o@google.it', 'znzIBvUGP', 1, 98, '2022-03-15 22:01:23'),
(378, 'Violet', 'Yurmanovev', 'vyurmanovev7p@theatlantic.com', 'HgM8fN3Qcdrs', 1, 79, '2022-02-13 01:11:39'),
(379, 'Austine', 'Lidgard', 'alidgard7q@fda.gov', 'RMAsbg9t8', 0, 3, '2022-03-07 07:34:40'),
(380, 'Fidelia', 'Harman', 'fharman7r@posterous.com', 'SBU7DR', 0, 73, '2022-02-27 02:33:54'),
(381, 'Dennie', 'McCarlich', 'dmccarlich7s@free.fr', 'Ez2FAH', 0, 58, '2022-07-27 00:40:35'),
(382, 'Loria', 'Swyndley', 'lswyndley7t@timesonline.co.uk', '3KvDhj7', 0, 69, '2023-01-08 14:11:06'),
(383, 'Bjorn', 'De Few', 'bdefew7u@hibu.com', 'MDolsbEUe', 1, 73, '2022-08-16 11:03:50'),
(384, 'Selby', 'Krause', 'skrause7v@sogou.com', 'luocNL', 1, 58, '2022-08-01 19:03:27'),
(385, 'Odilia', 'Friedlos', 'ofriedlos7w@blogspot.com', 'W8ixZ7MgUW', 0, 73, '2022-09-28 11:15:30'),
(386, 'Georas', 'Goligly', 'ggoligly7x@go.com', '24pRADHK', 1, 89, '2022-05-30 08:49:46'),
(387, 'Julita', 'Fakes', 'jfakes7y@unc.edu', 'WlHnIjDnLTM', 0, 29, '2022-05-26 14:40:23'),
(388, 'Nikolas', 'Petrussi', 'npetrussi7z@bing.com', 'vAlMvrHc', 1, 76, '2023-02-17 16:41:59'),
(389, 'Ximenez', 'Maddra', 'xmaddra80@mediafire.com', 'PTyml2', 1, 94, '2022-02-18 22:19:13'),
(390, 'Harri', 'Cottill', 'hcottill81@xrea.com', 'HyHEfSe0', 0, 44, '2022-02-08 09:53:43'),
(391, 'Ringo', 'Obbard', 'robbard82@usa.gov', 'SzGaszJFq', 1, 36, '2023-01-15 11:39:45'),
(392, 'Benjie', 'Aymerich', 'baymerich83@ask.com', 'nokAyR', 1, 50, '2022-03-05 04:25:47'),
(393, 'Filip', 'Palluschek', 'fpalluschek84@mediafire.com', '3bhpLTGloz', 1, 39, '2022-05-29 14:13:14'),
(394, 'Jeanette', 'Winwood', 'jwinwood85@ibm.com', 'OWxHTuUEO', 1, 45, '2022-07-05 10:23:10'),
(395, 'Trix', 'Feldmesser', 'tfeldmesser86@oakley.com', '8iCQGbMQ', 1, 10, '2022-12-19 08:07:54'),
(396, 'Pall', 'Pender', 'ppender87@vkontakte.ru', '4AuksCdIO', 0, 14, '2022-11-08 19:54:27'),
(397, 'Nomi', 'Lapping', 'nlapping88@bbc.co.uk', 'iPQB4wvT', 1, 39, '2022-10-30 02:30:15'),
(398, 'Margalo', 'Bilbie', 'mbilbie89@businessinsider.com', 'kPQ2vi2nr', 1, 54, '2022-04-27 18:07:57'),
(399, 'Zebulen', 'Luxton', 'zluxton8a@si.edu', 'veNzAs', 0, 53, '2023-02-16 12:55:06'),
(400, 'Darcie', 'Eggins', 'deggins8b@ebay.co.uk', 'ducpvj', 1, 5, '2023-02-12 02:04:30'),
(401, 'Jaye', 'Paylie', 'jpaylie8c@sciencedaily.com', '2PoPWP2', 1, 62, '2023-01-26 22:15:10'),
(402, 'Bentlee', 'Bernardotte', 'bbernardotte8d@4shared.com', 'tbuJ9uRHCSi5', 1, 97, '2022-05-19 04:58:16'),
(403, 'Lloyd', 'Bloor', 'lbloor8e@twitpic.com', 'ym0pmh3rQ', 0, 98, '2022-09-09 10:28:28'),
(404, 'Lorrayne', 'Spendlove', 'lspendlove8f@typepad.com', 'adOx2nhNbPSW', 1, 3, '2023-02-08 12:59:38'),
(405, 'Augy', 'Catlin', 'acatlin8g@dell.com', 'LMNN6FLN0esA', 0, 19, '2022-03-06 00:57:52'),
(406, 'Sally', 'Caroli', 'scaroli8h@unc.edu', '0ODvu8G10kDZ', 0, 84, '2022-06-27 16:01:12'),
(407, 'Thorstein', 'Tonna', 'ttonna8i@cisco.com', '37kSSymd9jx9', 0, 66, '2022-05-09 18:57:17'),
(408, 'Alissa', 'Mandy', 'amandy8j@usatoday.com', '5T8cGQJ', 0, 76, '2022-03-26 10:29:30'),
(409, 'Troy', 'Seymark', 'tseymark8k@ucoz.ru', '3TcIkzSiq8', 1, 83, '2022-09-10 05:00:31'),
(410, 'Chaunce', 'Meharg', 'cmeharg8l@creativecommons.org', 'J2pBcd', 0, 86, '2022-11-06 19:54:22'),
(411, 'Fiann', 'Clench', 'fclench8m@nytimes.com', 'tQC0Mf', 0, 85, '2022-10-22 22:35:10'),
(412, 'Tobie', 'Cullington', 'tcullington8n@imageshack.us', 'o9M6heK6', 0, 65, '2022-04-27 03:11:25'),
(413, 'Aubine', 'Easterling', 'aeasterling8o@admin.ch', 'IKJyli', 0, 70, '2022-08-27 19:02:05'),
(414, 'Nata', 'Eble', 'neble8p@jigsy.com', '08zOzZbEA8mE', 0, 57, '2022-03-14 20:47:52'),
(415, 'Lewie', 'Grealey', 'lgrealey8q@vk.com', '5Vp0wwwi', 1, 73, '2022-04-27 18:07:02'),
(416, 'Jermain', 'Clausius', 'jclausius8r@moonfruit.com', '0PdjCZO', 0, 93, '2022-11-27 03:49:28'),
(417, 'Lara', 'Valens-Smith', 'lvalenssmith8s@dion.ne.jp', 'r0bPwWTwt', 1, 48, '2022-03-05 08:01:22'),
(418, 'Alair', 'Haggie', 'ahaggie8t@ustream.tv', '4D9setInObtR', 0, 58, '2022-11-08 11:42:18'),
(419, 'Humfrid', 'Sawdon', 'hsawdon8u@fotki.com', 'pzOZppt5feK', 1, 50, '2022-08-18 13:09:52'),
(420, 'York', 'Larvor', 'ylarvor8v@digg.com', 'qj0AO6', 0, 74, '2022-08-09 14:26:12'),
(421, 'Caddric', 'Vickerstaff', 'cvickerstaff8w@livejournal.com', 'i5Hf3RXdIN6P', 1, 22, '2022-09-06 20:34:04'),
(422, 'Brannon', 'Fattorini', 'bfattorini8x@usa.gov', 'FAZYDnWzxEE2', 1, 86, '2022-06-27 23:15:38'),
(423, 'Amalee', 'Paulo', 'apaulo8y@1688.com', 'UvBHKfMFP', 1, 64, '2022-10-11 06:40:55'),
(424, 'Vera', 'Bowerman', 'vbowerman8z@unblog.fr', 'qZ1UgWbAFxPv', 1, 62, '2022-11-14 06:09:08'),
(425, 'Kellsie', 'Mowsdale', 'kmowsdale90@nationalgeographic.com', 'hNqTTJDa', 0, 20, '2022-10-16 08:47:09'),
(426, 'Shel', 'Scudders', 'sscudders91@amazon.co.jp', 'MaDQ75jAYK', 0, 10, '2022-09-02 22:41:18'),
(427, 'Mariska', 'Hinnerk', 'mhinnerk92@imageshack.us', 'MTrbBWdLBaEh', 0, 89, '2022-08-08 05:04:17'),
(428, 'Ced', 'Pinckstone', 'cpinckstone93@miibeian.gov.cn', 'HxEDh4', 0, 20, '2022-06-27 05:07:43'),
(429, 'Donnie', 'Flatman', 'dflatman94@yellowpages.com', 'bVUz9FgSMlhu', 1, 31, '2022-09-07 15:08:23'),
(430, 'Susannah', 'Gadsdon', 'sgadsdon95@netscape.com', 'Q8NtnX76', 0, 92, '2022-06-18 06:54:44'),
(431, 'Curtice', 'Franies', 'cfranies96@hp.com', 'BdH6Ta5Wx', 1, 72, '2022-02-25 11:38:16'),
(432, 'Marissa', 'Tunmore', 'mtunmore97@google.ru', 'GkwrzSmG', 0, 82, '2022-04-18 04:44:49'),
(433, 'Sally', 'Novichenko', 'snovichenko98@fda.gov', 'YcbIxF', 1, 94, '2022-04-09 08:56:14'),
(434, 'Clair', 'Ruckman', 'cruckman99@rambler.ru', 'Yzcr2oi9lPS', 0, 24, '2022-02-26 14:54:54'),
(435, 'Lorette', 'Daddow', 'ldaddow9a@i2i.jp', 'lGsccGZy', 1, 38, '2022-10-03 01:44:27'),
(436, 'Charmian', 'Bimson', 'cbimson9b@drupal.org', 'mnvffWbM', 1, 17, '2022-06-12 12:25:27'),
(437, 'Brnaba', 'Hemmingway', 'bhemmingway9c@economist.com', 'l4XTD9', 1, 71, '2022-04-29 07:26:55'),
(438, 'Pamella', 'Tassel', 'ptassel9d@nasa.gov', 'nbXoMMYzyn', 1, 8, '2022-03-29 20:18:13'),
(439, 'Evan', 'Beston', 'ebeston9e@networkadvertising.org', 'GxbxJOc', 0, 21, '2023-01-20 01:49:26'),
(440, 'Ivory', 'McCrachen', 'imccrachen9f@psu.edu', 'gIDVR5mulj', 0, 83, '2022-06-14 22:34:47'),
(441, 'Florette', 'Grattage', 'fgrattage9g@cdbaby.com', 'qnawLt', 0, 53, '2022-12-19 00:29:21'),
(442, 'Fletcher', 'Lucks', 'flucks9h@dropbox.com', 'ylcnMGAuCg', 1, 15, '2022-08-02 03:36:20'),
(443, 'Rosanna', 'Wolverson', 'rwolverson9i@thetimes.co.uk', 'ABX7LLv', 1, 15, '2023-02-09 13:28:59'),
(444, 'Jonell', 'Kahen', 'jkahen9j@altervista.org', 'J2u0FV', 1, 32, '2023-02-16 06:19:28'),
(445, 'Marabel', 'Michell', 'mmichell9k@wordpress.com', 'doAsV4', 1, 12, '2022-05-05 02:22:33'),
(446, 'Lou', 'Maliffe', 'lmaliffe9l@a8.net', 'qGyjiiDn0', 1, 65, '2022-05-30 02:29:10'),
(447, 'Shanta', 'Jaquin', 'sjaquin9m@pen.io', 'Yi1ZBbsYZA', 0, 88, '2022-08-29 21:38:37'),
(448, 'Dev', 'Iskov', 'diskov9n@paypal.com', 'RQ3DmmOcYq4', 1, 49, '2022-03-18 10:04:15'),
(449, 'Dillon', 'Shiels', 'dshiels9o@eepurl.com', 'IOrtR1kgrNa', 0, 80, '2022-11-21 21:34:54'),
(450, 'Maud', 'Yonnie', 'myonnie9p@wordpress.org', 'e0To8fK', 1, 52, '2022-04-22 10:42:01'),
(451, 'Corey', 'Boldison', 'cboldison9q@huffingtonpost.com', 'Ks4Ud2e2TpLe', 1, 22, '2022-11-09 08:54:47'),
(452, 'Jean', 'Kapiloff', 'jkapiloff9r@bandcamp.com', 'IEowQw', 1, 53, '2022-04-29 03:06:04'),
(453, 'Ab', 'Clooney', 'aclooney9s@dot.gov', 'YSmY6ts18sKm', 0, 98, '2022-08-28 01:21:46'),
(454, 'Courtnay', 'Puckring', 'cpuckring9t@stanford.edu', '9DqRZW2Xfy', 1, 34, '2023-02-01 05:25:43'),
(455, 'Barbara', 'Lacroux', 'blacroux9u@umn.edu', 'avrDLG', 0, 72, '2022-12-09 09:41:53'),
(456, 'Nikkie', 'Harfoot', 'nharfoot9v@home.pl', 'zmy8MKTBTS', 0, 59, '2022-05-28 06:37:04'),
(457, 'Emanuel', 'Maceur', 'emaceur9w@globo.com', '0nRmNQqhG', 1, 79, '2022-03-30 04:58:42'),
(458, 'Currie', 'Pankethman', 'cpankethman9x@google.com.au', 'ghmbrr', 0, 20, '2023-01-30 04:05:26'),
(459, 'Eldredge', 'Jonuzi', 'ejonuzi9y@myspace.com', 'qjKAnNYGVFcM', 0, 61, '2022-10-02 05:23:33'),
(460, 'Sayre', 'Battrick', 'sbattrick9z@seesaa.net', 'EEgSk0', 1, 48, '2023-01-27 20:55:10'),
(461, 'Gaelan', 'Gibbie', 'ggibbiea0@studiopress.com', 'JjD5qj', 1, 54, '2022-07-27 20:37:54'),
(462, 'Deena', 'Schmuhl', 'dschmuhla1@cbsnews.com', '7uaEQM', 0, 26, '2023-02-09 13:54:14'),
(463, 'Sigismondo', 'Corner', 'scornera2@mysql.com', 'WYgSG4', 0, 66, '2022-03-11 05:21:45'),
(464, 'Trula', 'Labes', 'tlabesa3@mtv.com', 'qVgjvSty', 0, 55, '2022-10-13 23:56:17'),
(465, 'Silvanus', 'Lansly', 'slanslya4@hhs.gov', 'BnMmxrcnos', 0, 74, '2022-10-04 04:47:22'),
(466, 'Mayor', 'Arlett', 'marletta5@oracle.com', 'BPIIg6RjQ987', 1, 9, '2022-10-23 06:13:39'),
(467, 'Flin', 'Aberdein', 'faberdeina6@nsw.gov.au', '3UlbcAuMr', 1, 20, '2022-07-29 23:12:10'),
(468, 'Ashton', 'Etherington', 'aetheringtona7@google.fr', '9WccKUZieu', 0, 74, '2022-05-25 02:03:34'),
(469, 'Amity', 'Wetheril', 'awetherila8@facebook.com', 'e2Cg6E8sSnN', 0, 10, '2022-12-28 19:02:14'),
(470, 'Lettie', 'Schimek', 'lschimeka9@engadget.com', 'U7hg2yhWV7', 0, 26, '2022-12-28 18:19:40'),
(471, 'Art', 'Shellard', 'ashellardaa@g.co', 'OVb7PCDK9u', 0, 98, '2022-07-19 08:44:21'),
(472, 'Thomas', 'Filipyev', 'tfilipyevab@buzzfeed.com', 'y6JtCD3T', 0, 17, '2022-10-05 16:35:52'),
(473, 'Marj', 'Tomini', 'mtominiac@homestead.com', '1WxbOiO', 0, 86, '2022-09-30 23:10:08'),
(474, 'Cherice', 'Groome', 'cgroomead@flickr.com', 'zmvrmOHRiM', 1, 83, '2022-11-15 02:32:47'),
(475, 'Wynn', 'Binden', 'wbindenae@typepad.com', 'txaqs7IcxlS', 0, 56, '2022-05-22 22:35:50'),
(476, 'Gwendolin', 'Pimme', 'gpimmeaf@moonfruit.com', 'xaXLLzn', 1, 29, '2022-09-02 19:34:56'),
(477, 'Rosco', 'Rubinowitsch', 'rrubinowitschag@usatoday.com', 'wUMJoI6ukHcz', 0, 79, '2022-12-13 04:17:15'),
(478, 'Greggory', 'Scimoni', 'gscimoniah@dailymotion.com', 'jyva8st', 1, 9, '2022-03-15 15:30:59'),
(479, 'Haley', 'Claasen', 'hclaasenai@soup.io', '0O7LfNO', 0, 6, '2022-02-24 23:48:45'),
(480, 'Merle', 'Lukovic', 'mlukovicaj@pbs.org', '15O3oY5', 0, 1, '2022-12-16 00:44:07'),
(481, 'Briant', 'Glading', 'bgladingak@google.de', '3Cll6p', 1, 86, '2022-02-07 17:42:03'),
(482, 'Gibb', 'Rollins', 'grollinsal@linkedin.com', 'cWiOPG6cMD2m', 1, 33, '2022-06-14 12:10:49'),
(483, 'Jeniece', 'Buckingham', 'jbuckinghamam@diigo.com', 'wF95PKtJy', 0, 2, '2022-02-07 22:15:18'),
(484, 'Lebbie', 'Harroway', 'lharrowayan@hubpages.com', 'wyEJp4j', 1, 12, '2022-09-25 05:56:18'),
(485, 'Cassius', 'Vany', 'cvanyao@gnu.org', 'mDRcCwUMAHPZ', 0, 54, '2022-05-29 12:57:33'),
(486, 'Hilario', 'Santon', 'hsantonap@usa.gov', 'EyEMhoXe', 0, 34, '2022-02-07 23:49:44'),
(487, 'Starlin', 'Macauley', 'smacauleyaq@plala.or.jp', 'zDSwq0', 0, 10, '2022-02-12 15:11:12'),
(488, 'Victoria', 'Abriani', 'vabrianiar@vkontakte.ru', '8nogtOu', 1, 44, '2022-03-23 04:18:22'),
(489, 'Ariela', 'Birks', 'abirksas@paginegialle.it', 'QMMxVWkA', 1, 90, '2022-06-04 15:39:40'),
(490, 'Karlotte', 'Sedgman', 'ksedgmanat@naver.com', 'Lc67W1', 1, 21, '2022-02-20 01:41:31'),
(491, 'Darrel', 'Roulston', 'droulstonau@goodreads.com', 'LrJt5fY', 0, 32, '2022-10-13 11:58:03'),
(492, 'Travers', 'Fleetwood', 'tfleetwoodav@howstuffworks.com', 'A62Ywktj', 1, 97, '2022-03-14 05:35:59'),
(493, 'Teri', 'Fitchew', 'tfitchewaw@ezinearticles.com', '9l5bbMQ', 1, 89, '2023-01-21 12:07:13'),
(494, 'Romonda', 'Haldene', 'rhaldeneax@networksolutions.com', '3amgTzO26YXD', 0, 58, '2022-10-17 06:28:17'),
(495, 'Goddard', 'Crellin', 'gcrellinay@vinaora.com', 'zhhk0lsNA', 0, 21, '2023-01-16 11:34:59'),
(496, 'Melessa', 'Matzeitis', 'mmatzeitisaz@rediff.com', 'AkOBW7vIH9pq', 1, 30, '2022-02-25 09:26:33'),
(497, 'Jesselyn', 'MacSkeagan', 'jmacskeaganb0@bigcartel.com', '5gQKl6B1I', 1, 87, '2022-08-12 09:35:57'),
(498, 'Oliviero', 'Merner', 'omernerb1@list-manage.com', '8YXBbL', 0, 47, '2022-08-29 20:27:42'),
(499, 'Carney', 'Rotte', 'crotteb2@addtoany.com', 'lq9igZ03Pa9', 0, 71, '2022-06-24 14:18:25'),
(500, 'Jewel', 'Annion', 'jannionb3@comcast.net', 'RrmDHP3W1piN', 1, 16, '2022-08-21 06:26:15'),
(501, 'Yancy', 'Fuxman', 'yfuxmanb4@washingtonpost.com', 'Q4kbygg9vZEV', 0, 65, '2022-06-16 10:59:55'),
(502, 'Trenton', 'Risby', 'trisbyb5@geocities.com', 'j1SemP', 1, 76, '2022-09-09 02:58:44'),
(503, 'Valma', 'Carle', 'vcarleb6@youtube.com', 'rDSTVK', 0, 89, '2022-03-01 17:37:43'),
(504, 'Ogden', 'Schoolcroft', 'oschoolcroftb7@mail.ru', 'vrZ8nf8HAUpX', 1, 17, '2022-08-09 04:07:46'),
(505, 'Tiphani', 'Cogger', 'tcoggerb8@disqus.com', 'OazDf1XVU', 1, 17, '2023-02-25 08:53:57'),
(506, 'Harland', 'Ailsbury', 'hailsburyb9@newyorker.com', 'VTJEynFa', 0, 33, '2022-09-21 21:27:30'),
(507, 'Sigmund', 'Anstee', 'sansteeba@gravatar.com', 'NVts5GMFuCqQ', 1, 15, '2023-01-02 10:29:28'),
(508, 'Franky', 'Wilshere', 'fwilsherebb@fastcompany.com', 'JrombT4RD9Mt', 1, 73, '2022-07-12 22:32:33'),
(509, 'Joellyn', 'Justis', 'jjustisbc@mapy.cz', 'fL8Zjv', 1, 25, '2022-08-30 20:19:39'),
(510, 'Noreen', 'Spincke', 'nspinckebd@cocolog-nifty.com', 'TZ0QWnaS', 0, 3, '2023-02-04 17:32:42'),
(511, 'Holmes', 'Walak', 'hwalakbe@comsenz.com', 'rcBSPv5Jvkq', 0, 39, '2022-09-12 16:58:23'),
(512, 'Templeton', 'Costar', 'tcostarbf@guardian.co.uk', 'wRD458Ss', 0, 86, '2023-02-05 13:17:46'),
(513, 'Lisbeth', 'Hendrickx', 'lhendrickxbg@boston.com', '24e43PO6vY8', 0, 14, '2022-05-18 03:35:41'),
(514, 'Claiborne', 'Debrick', 'cdebrickbh@psu.edu', 'TuoGBsXVA', 0, 9, '2022-09-27 15:27:59'),
(515, 'Odelinda', 'Holstein', 'oholsteinbi@bandcamp.com', 'LLFY3p', 1, 4, '2022-10-16 11:06:47'),
(516, 'Rowan', 'Garton', 'rgartonbj@uiuc.edu', 'd9hcm4Ydtm', 1, 93, '2022-05-16 23:41:06'),
(517, 'Nealon', 'Simcox', 'nsimcoxbk@usnews.com', 'cmcBN7xhEJNJ', 0, 54, '2022-06-26 11:02:31'),
(518, 'Zelma', 'O\'Criane', 'zocrianebl@stanford.edu', 'ZtV8K60', 0, 91, '2022-07-11 23:03:36'),
(519, 'Barthel', 'Master', 'bmasterbm@webnode.com', 'nJdOWIII8FS', 0, 96, '2023-01-05 17:43:15'),
(520, 'Teresina', 'Lodevick', 'tlodevickbn@yahoo.com', 'koZtcnP7q01J', 0, 8, '2022-05-04 10:59:09'),
(521, 'Lisha', 'Berrane', 'lberranebo@wired.com', '1sxel5', 1, 46, '2022-03-02 21:01:14'),
(522, 'Phillip', 'Philpotts', 'pphilpottsbp@tripadvisor.com', '1Q6Wsq8pySU', 0, 8, '2022-08-16 08:42:53'),
(523, 'Phaedra', 'Presswell', 'ppresswellbq@ameblo.jp', 'JmNdZVwgzx2', 0, 3, '2022-12-12 16:04:15'),
(524, 'Augie', 'Vedenyakin', 'avedenyakinbr@unicef.org', 'W0Tetco', 1, 87, '2022-08-16 03:22:28'),
(525, 'Rey', 'MacGinlay', 'rmacginlaybs@homestead.com', 'ezM0wNPf', 1, 32, '2022-11-09 05:29:58'),
(526, 'Ricardo', 'Cruden', 'rcrudenbt@friendfeed.com', 'OrxLC1', 1, 96, '2022-09-17 14:37:57'),
(527, 'Katy', 'Tooby', 'ktoobybu@bbb.org', '7X4gTUx2tM', 1, 85, '2023-01-15 02:23:22'),
(528, 'Valentino', 'Corcut', 'vcorcutbv@nyu.edu', 'Guj3uJVZVmK', 0, 39, '2022-11-18 10:19:41'),
(529, 'Mellisa', 'Shillingford', 'mshillingfordbw@bloomberg.com', 'VlX5bT', 0, 37, '2022-03-21 18:58:25'),
(530, 'Winifred', 'Pauley', 'wpauleybx@shutterfly.com', 'egtpqBe', 1, 69, '2022-12-31 15:50:11'),
(531, 'Gradeigh', 'Finlator', 'gfinlatorby@simplemachines.org', 'RYRYrh26RDtR', 1, 34, '2022-03-26 16:06:09'),
(532, 'Ingemar', 'Kynaston', 'ikynastonbz@admin.ch', 'sXmp1sjZv', 0, 64, '2022-10-31 13:26:33'),
(533, 'Darb', 'Wardington', 'dwardingtonc0@creativecommons.org', 'NFMFvMlQEjd3', 1, 19, '2022-02-26 01:02:13'),
(534, 'Hattie', 'Allwell', 'hallwellc1@epa.gov', '0x80ZINWg', 0, 3, '2022-05-17 10:45:30'),
(535, 'Vito', 'Bierman', 'vbiermanc2@last.fm', '2dyBHG3mNWB', 1, 54, '2022-09-15 02:05:22'),
(536, 'Carena', 'Gunney', 'cgunneyc3@i2i.jp', 'lXJPha', 0, 63, '2022-12-04 14:57:11'),
(537, 'Maximilian', 'Althrop', 'malthropc4@dyndns.org', 'YJNFojApmz', 0, 54, '2023-01-05 05:36:09'),
(538, 'Edouard', 'Dyball', 'edyballc5@amazonaws.com', 'Po1o6D', 0, 82, '2022-12-06 16:21:20'),
(539, 'Lewes', 'Powland', 'lpowlandc6@friendfeed.com', 'EUFQ5Lrm8eO', 0, 47, '2022-04-16 04:02:49'),
(540, 'Daniela', 'Joseph', 'djosephc7@sogou.com', '78gjBgWLor', 1, 90, '2022-10-25 06:11:06'),
(541, 'Zeke', 'Pogue', 'zpoguec8@smh.com.au', 'Sh4b0ZYS', 1, 12, '2022-03-13 07:06:32'),
(542, 'Monica', 'Paulisch', 'mpaulischc9@google.ca', 'aDxhIE7sf', 0, 85, '2022-10-31 02:23:43'),
(543, 'Carlo', 'Lamburne', 'clamburneca@deliciousdays.com', 'HOg2QUms0', 0, 93, '2022-12-01 22:30:49'),
(544, 'Dasya', 'Alty', 'daltycb@amazon.co.uk', 'ZTVlhfN', 1, 11, '2022-07-23 16:04:21'),
(545, 'Fleur', 'Tilliards', 'ftilliardscc@surveymonkey.com', 'M9M9Fv5Y', 1, 74, '2022-10-27 10:31:05'),
(546, 'Braden', 'Wootton', 'bwoottoncd@comcast.net', 'uLuUOAlH', 1, 38, '2022-11-14 08:55:17'),
(547, 'Steve', 'Dinley', 'sdinleyce@paginegialle.it', '8HqeMay8', 0, 68, '2022-07-19 13:43:39'),
(548, 'Willie', 'Mateu', 'wmateucf@ihg.com', 'jSH3UkA0XU', 1, 25, '2022-09-23 10:32:21'),
(549, 'Hattie', 'Davies', 'hdaviescg@who.int', '17gkzfMG', 1, 21, '2022-04-02 09:51:57'),
(550, 'Mirabella', 'Gittoes', 'mgittoesch@moonfruit.com', 'b5iPcsRGAjfZ', 0, 28, '2022-02-09 20:31:15'),
(551, 'Mariya', 'Mack', 'mmackci@baidu.com', 'PdbaVauiQE', 1, 75, '2022-11-27 06:29:00'),
(552, 'Sherwynd', 'Matiashvili', 'smatiashvilicj@lulu.com', '1UZbIYy', 0, 95, '2022-08-02 11:03:17'),
(553, 'Tanner', 'Jarrard', 'tjarrardck@aol.com', 'Pk7eYC', 1, 52, '2022-08-13 11:57:36'),
(554, 'Allene', 'Parkyn', 'aparkyncl@berkeley.edu', 'PRl5RyAN5xz', 0, 72, '2022-07-19 10:27:55'),
(555, 'Joletta', 'Watting', 'jwattingcm@google.cn', 'fCzIDhvmnkIn', 0, 6, '2023-01-13 01:32:00'),
(556, 'Isiahi', 'Adamo', 'iadamocn@ifeng.com', 'hdQfevVo3', 0, 11, '2023-01-16 03:59:26'),
(557, 'Garek', 'Gricewood', 'ggricewoodco@spiegel.de', 'ulxNIX0Ied', 1, 35, '2022-09-06 21:24:45'),
(558, 'Silas', 'Lowndsbrough', 'slowndsbroughcp@kickstarter.com', 'wKe1aE', 1, 45, '2022-02-05 13:03:13'),
(559, 'Constantin', 'Trumble', 'ctrumblecq@fema.gov', 'laPcmmJwJJ', 0, 21, '2023-01-01 01:37:56'),
(560, 'Robin', 'Lacknor', 'rlacknorcr@china.com.cn', 'utKSvYr', 0, 68, '2022-12-14 22:25:41'),
(561, 'Levin', 'Aps', 'lapscs@msu.edu', 'fMmb8sE8zZeh', 1, 77, '2022-06-11 11:25:48'),
(562, 'Livia', 'Sharrard', 'lsharrardct@canalblog.com', 'x4J8pkq6', 1, 82, '2022-04-25 00:54:03'),
(563, 'Colin', 'Dunbabin', 'cdunbabincu@biblegateway.com', 'j0X7B32l3cz', 1, 81, '2022-05-31 10:32:34'),
(564, 'Padgett', 'Rofe', 'profecv@posterous.com', 'vSZzF4XI7Q', 0, 60, '2022-09-08 02:38:52'),
(565, 'Celeste', 'Lammenga', 'clammengacw@ow.ly', 'q1hTCOXwTV', 0, 53, '2022-11-25 00:47:20'),
(566, 'Abe', 'Brelsford', 'abrelsfordcx@godaddy.com', 'PQY4yYIP6', 1, 88, '2022-05-10 08:35:06'),
(567, 'Lorain', 'L\'Episcopio', 'llepiscopiocy@symantec.com', 'tq3FAWgymQ', 0, 81, '2023-01-16 21:30:22'),
(568, 'Dex', 'Saban', 'dsabancz@umn.edu', 'SPAvNl9', 1, 42, '2022-06-09 13:21:43'),
(569, 'Electra', 'Antonucci', 'eantonuccid0@columbia.edu', '3txFBMmS', 0, 66, '2022-08-13 10:08:56'),
(570, 'Alwyn', 'O\'Hartagan', 'aohartagand1@facebook.com', 'H9z3YwtNKx', 1, 3, '2022-11-15 19:20:29'),
(571, 'Eda', 'Eborn', 'eebornd2@jugem.jp', 'lUP2CSy', 0, 17, '2022-03-10 03:28:13'),
(572, 'Kippie', 'Dainter', 'kdainterd3@creativecommons.org', '1vr49e4f', 0, 75, '2022-02-08 16:23:57'),
(573, 'Karine', 'Liggett', 'kliggettd4@weibo.com', 'k7ddzX', 1, 27, '2022-07-15 10:36:51'),
(574, 'Suzette', 'Kettle', 'skettled5@tamu.edu', '4CAwJWH5kMY', 1, 8, '2022-08-09 02:36:19'),
(575, 'Alon', 'Piercy', 'apiercyd6@gnu.org', 'MRRz0CV7', 0, 58, '2022-09-22 07:06:40'),
(576, 'Tamma', 'Alloway', 'tallowayd7@imageshack.us', 'OQPU2Z66BD', 1, 66, '2022-04-07 00:02:39'),
(577, 'Nathalie', 'Ellum', 'nellumd8@economist.com', 'fAFRwDB1', 1, 57, '2022-11-15 16:54:29'),
(578, 'Ame', 'Placido', 'aplacidod9@washington.edu', 'llXg85F2', 1, 85, '2022-10-29 12:48:16'),
(579, 'Jennee', 'Crosson', 'jcrossonda@patch.com', '1qoh0p72', 0, 58, '2023-02-18 04:21:25'),
(580, 'Aubry', 'Londors', 'alondorsdb@people.com.cn', 'K402candmHY', 1, 34, '2022-10-05 17:48:23'),
(581, 'Vanni', 'Yarn', 'vyarndc@cpanel.net', '4slvbzdm', 1, 92, '2022-11-29 23:24:24'),
(582, 'Conny', 'McIleen', 'cmcileendd@twitter.com', 'nXUGMzgLor2', 0, 64, '2022-12-14 20:51:36'),
(583, 'Sioux', 'Grugerr', 'sgrugerrde@nbcnews.com', 'u34Gvhx', 1, 40, '2022-02-24 09:24:15'),
(584, 'Erny', 'Brinkman', 'ebrinkmandf@goo.ne.jp', 'iXEAWguo', 0, 10, '2022-09-24 19:24:32'),
(585, 'Benedikta', 'Alexsandrev', 'balexsandrevdg@ftc.gov', 'o87pQ9T', 0, 27, '2022-06-26 10:14:09'),
(586, 'Tabb', 'Brazel', 'tbrazeldh@xinhuanet.com', 'g9cFtTv0fd', 1, 8, '2022-02-05 21:10:29'),
(587, 'Wyn', 'Simeone', 'wsimeonedi@php.net', '1H0gXeF4d6X', 1, 54, '2022-11-29 02:35:12'),
(588, 'Stewart', 'Frogley', 'sfrogleydj@dailymail.co.uk', 'qiiARF1kAN', 1, 50, '2022-11-23 18:47:08'),
(589, 'Darrick', 'Biaggi', 'dbiaggidk@ocn.ne.jp', '1xLvPLSMKu', 1, 86, '2023-01-30 14:58:57'),
(590, 'Flynn', 'Mees', 'fmeesdl@house.gov', '2CoquF', 0, 82, '2022-12-21 05:07:33'),
(591, 'Neall', 'Headings', 'nheadingsdm@goo.ne.jp', 'jgchJcG8', 0, 51, '2022-10-15 00:46:46'),
(592, 'Leicester', 'Le Brom', 'llebromdn@mediafire.com', 'CeB5zL', 0, 8, '2022-02-25 09:19:48'),
(593, 'Garald', 'Episcopi', 'gepiscopido@blogtalkradio.com', '5n2V1B4Ezj', 0, 84, '2022-03-08 01:11:10'),
(594, 'Edeline', 'Heymann', 'eheymanndp@latimes.com', '29e4XVS', 0, 99, '2022-03-31 18:44:11'),
(595, 'Issiah', 'Longmate', 'ilongmatedq@hp.com', 'u7qQv6QlcU', 1, 44, '2022-08-10 23:30:29'),
(596, 'Rosina', 'Jelkes', 'rjelkesdr@last.fm', 'TgbBhIIH92f1', 0, 24, '2022-06-26 06:21:35'),
(597, 'Livvy', 'Izkovitch', 'lizkovitchds@sohu.com', 'UFG2125mXrNK', 1, 84, '2022-12-19 10:14:41'),
(598, 'Keven', 'Baudinet', 'kbaudinetdt@scribd.com', 'PYvJYXE', 0, 53, '2022-09-24 06:15:59'),
(599, 'Nyssa', 'Adamini', 'nadaminidu@vimeo.com', 'q3ee2A2ERg', 0, 13, '2022-07-22 15:15:49'),
(600, 'Wyatan', 'Bodiam', 'wbodiamdv@elpais.com', 'UrrnUhIul', 0, 3, '2023-01-26 16:04:20'),
(601, 'Lesley', 'Blaiklock', 'lblaiklockdw@vkontakte.ru', 'uGjzqAdNx', 0, 73, '2022-11-10 12:13:48'),
(602, 'Eldridge', 'Boyen', 'eboyendx@ifeng.com', 'GoLiSzn', 1, 58, '2022-07-22 13:03:21'),
(603, 'Falito', 'McCanny', 'fmccannydy@taobao.com', 'C4DRQHW', 0, 72, '2022-09-15 13:32:18'),
(604, 'Malissa', 'Young', 'myoungdz@ft.com', 'XRLSsOxCG', 1, 85, '2022-03-04 00:42:42'),
(605, 'Drusi', 'Markie', 'dmarkiee0@lulu.com', '00BtfFZi', 1, 13, '2022-11-27 16:49:39'),
(606, 'Josephine', 'Duplan', 'jduplane1@yahoo.co.jp', 'yL0LKgS', 1, 5, '2023-01-01 14:29:21'),
(607, 'Kimberli', 'Lawrie', 'klawriee2@seattletimes.com', 'aRznfqo6cMXr', 0, 87, '2022-08-05 04:02:19'),
(608, 'Iggie', 'Brazenor', 'ibrazenore3@nyu.edu', 'Smy4lCHl1sA', 1, 22, '2022-06-15 14:26:52'),
(609, 'Damiano', 'Hosby', 'dhosbye4@xinhuanet.com', 'aPk295AAfNg3', 1, 47, '2022-04-22 13:23:42'),
(610, 'Valene', 'Anstis', 'vanstise5@webnode.com', 'FZ7lDUKlY', 1, 68, '2023-01-01 07:22:34'),
(611, 'Samaria', 'Sweynson', 'ssweynsone6@xrea.com', '3TAHvtUI', 1, 1, '2022-02-08 00:53:36'),
(612, 'Martin', 'Jelkes', 'mjelkese7@cdc.gov', 'GqbyoUb2cWr', 0, 99, '2022-11-18 11:52:03'),
(613, 'Raeann', 'Hagstone', 'rhagstonee8@nature.com', '0hfUaS2Pco', 0, 93, '2022-12-08 12:29:26'),
(614, 'Elijah', 'Ganny', 'egannye9@cnet.com', 'XdBfdPUU', 0, 68, '2022-06-29 11:41:42'),
(615, 'Cora', 'Antonnikov', 'cantonnikovea@dmoz.org', 'gMUwtPe', 1, 60, '2022-10-12 11:24:54'),
(616, 'Arel', 'Onion', 'aonioneb@pen.io', 'sRdCXbKMuT', 0, 99, '2023-02-01 12:05:47'),
(617, 'Ryon', 'Okeshott', 'rokeshottec@posterous.com', 'XLow7ahkH', 0, 14, '2022-04-30 09:03:11'),
(618, 'Godiva', 'Tender', 'gtendered@sciencedaily.com', 'Wgd30JVH', 0, 71, '2023-01-27 13:07:33'),
(619, 'Sybil', 'Ligerton', 'sligertonee@surveymonkey.com', '8VxaFADz7lRG', 1, 17, '2022-02-20 20:26:12'),
(620, 'Pail', 'Frid', 'pfridef@alibaba.com', 'wT0pQqYNU8N', 1, 67, '2022-04-21 18:22:25'),
(621, 'Matt', 'Niven', 'mniveneg@miitbeian.gov.cn', 'czTNnLH7Zgok', 1, 87, '2022-04-05 09:05:28'),
(622, 'Benny', 'Pleasants', 'bpleasantseh@i2i.jp', 'maRUSgXZZ0H1', 1, 37, '2023-01-07 05:14:41'),
(623, 'Brodie', 'Toynbee', 'btoynbeeei@lulu.com', 'K7pGbN7EMpm', 1, 20, '2022-02-17 09:00:19'),
(624, 'Myrtie', 'Valsler', 'mvalslerej@usa.gov', '2rSMWa', 0, 87, '2022-11-28 04:30:35'),
(625, 'Pepillo', 'Fenich', 'pfenichek@narod.ru', 'g6goQ3', 1, 80, '2022-03-13 23:14:15'),
(626, 'Allyn', 'Merigot', 'amerigotel@hatena.ne.jp', 'Dmk1ywHetKC', 1, 37, '2022-06-30 17:24:54'),
(627, 'Jedidiah', 'Guerrieri', 'jguerrieriem@sitemeter.com', 'eHyGVftSKwP', 1, 44, '2022-06-23 07:55:08'),
(628, 'Sal', 'Brosenius', 'sbroseniusen@biglobe.ne.jp', 'RlSV9N2sJu6K', 0, 9, '2022-03-24 22:05:54');
INSERT INTO `users` (`uid`, `name`, `surname`, `email`, `password`, `status`, `age`, `date`) VALUES
(629, 'Milt', 'Bramford', 'mbramfordeo@hao123.com', 'ZvueP4olT', 0, 12, '2022-05-26 03:11:08'),
(630, 'Angelia', 'Yakubovics', 'ayakubovicsep@netscape.com', 'vB5iorwN46c', 1, 33, '2022-03-07 10:34:38'),
(631, 'Shanie', 'Pratchett', 'spratchetteq@ihg.com', 'nKorabw', 0, 30, '2023-02-23 06:52:07'),
(632, 'Alyse', 'Jacqueme', 'ajacquemeer@about.com', 'o2NXQXgAv', 0, 50, '2022-04-01 03:03:38'),
(633, 'Benedikta', 'Lugard', 'blugardes@marketwatch.com', 'o9VjDilEiOw', 1, 63, '2022-12-27 12:16:51'),
(634, 'Adan', 'Brunsdon', 'abrunsdonet@sciencedirect.com', 'JXBFtl8', 1, 62, '2022-10-26 01:12:36'),
(635, 'Paxton', 'Sprason', 'psprasoneu@technorati.com', 'jOHGSh0wao', 1, 22, '2022-07-11 14:34:09'),
(636, 'Ophelie', 'Olden', 'ooldenev@surveymonkey.com', 'o27eyJ', 1, 21, '2022-08-28 23:20:28'),
(637, 'Megen', 'Bradburne', 'mbradburneew@hc360.com', 'p7IohduQ', 0, 41, '2022-04-22 16:49:47'),
(638, 'Dore', 'Swayte', 'dswayteex@i2i.jp', '5EWzuFwdG', 1, 41, '2022-09-19 08:42:55'),
(639, 'Taylor', 'Colvine', 'tcolvineey@geocities.jp', 'ygU0QjR7us', 0, 83, '2022-05-14 20:15:31'),
(640, 'Meryl', 'Newrick', 'mnewrickez@tripod.com', 'XW37OPN', 0, 91, '2022-08-14 21:38:38'),
(641, 'Marja', 'Nodin', 'mnodinf0@netscape.com', 'lqe60i', 1, 10, '2022-05-20 14:07:17'),
(642, 'Janella', 'Shrieve', 'jshrievef1@accuweather.com', '2bvqypXV3fN', 0, 71, '2022-06-24 22:27:42'),
(643, 'Lanny', 'Vyse', 'lvysef2@theglobeandmail.com', 'BjhN0SaMed', 1, 31, '2022-08-02 13:27:53'),
(644, 'Sigrid', 'Schott', 'sschottf3@1und1.de', 'K1PBWwnI', 0, 37, '2022-10-02 12:02:49'),
(645, 'Hester', 'Ewles', 'hewlesf4@sbwire.com', 'pLydHM112s', 1, 92, '2022-11-24 21:33:08'),
(646, 'Emlynne', 'MacCombe', 'emaccombef5@mail.ru', 'Ra2et4o7t', 0, 52, '2022-09-21 02:40:42'),
(647, 'Bartolomeo', 'Sawforde', 'bsawfordef6@imgur.com', 'EZw4rXwmFw3', 1, 82, '2023-01-15 19:45:22'),
(648, 'Benton', 'Sharvill', 'bsharvillf7@netlog.com', 'USRE9u', 0, 54, '2022-04-12 19:03:27'),
(649, 'Elinor', 'Scneider', 'escneiderf8@hc360.com', 'rOwXePorUZDg', 1, 24, '2023-01-09 02:57:20'),
(650, 'Marcia', 'Kerbey', 'mkerbeyf9@over-blog.com', 'agIy4xezl', 0, 59, '2023-01-09 04:57:03'),
(651, 'Arman', 'Jeffreys', 'ajeffreysfa@xing.com', '5AdkElS9ZW4D', 1, 23, '2023-01-14 19:11:20'),
(652, 'Flem', 'Ridgewell', 'fridgewellfb@cbc.ca', 'WEKJK6', 1, 38, '2022-07-31 21:32:19'),
(653, 'Nonnah', 'Golston', 'ngolstonfc@biblegateway.com', 'Mvx9QzI', 0, 20, '2022-07-15 15:11:07'),
(654, 'Silvester', 'Dondon', 'sdondonfd@blogtalkradio.com', 'bmdJ9We', 0, 84, '2022-04-10 17:01:24'),
(655, 'Rudie', 'Kirgan', 'rkirganfe@japanpost.jp', 'ZHismm', 1, 63, '2022-09-14 02:26:13'),
(656, 'Antoine', 'Insole', 'ainsoleff@seattletimes.com', 'MVukBA0XmR', 0, 63, '2022-05-11 21:15:50'),
(657, 'Kipper', 'Fortune', 'kfortunefg@mayoclinic.com', 'EZL8a3cKFm', 0, 27, '2023-01-22 15:42:03'),
(658, 'Jerald', 'Girardot', 'jgirardotfh@tinypic.com', 'FDDjYlDDhd9', 0, 45, '2022-07-04 17:48:40'),
(659, 'Mitzi', 'Heminsley', 'mheminsleyfi@cnet.com', 'fuKR7okGho', 0, 45, '2022-03-29 14:56:42'),
(660, 'Adelaide', 'Lyvon', 'alyvonfj@de.vu', 'BdNpm0zF', 0, 90, '2022-11-24 04:10:19'),
(661, 'Hilary', 'Siddell', 'hsiddellfk@nydailynews.com', 'eRuGJ04rl', 1, 15, '2022-08-05 17:16:22'),
(662, 'Winston', 'Brownstein', 'wbrownsteinfl@cpanel.net', 'TujF2XwGTF', 1, 2, '2022-07-09 17:30:47'),
(663, 'Claudian', 'Rawstorne', 'crawstornefm@ucoz.ru', 'xMUXo5RaPPI', 1, 67, '2022-03-24 16:05:51'),
(664, 'Corny', 'Gaythwaite', 'cgaythwaitefn@networkadvertising.org', 'jB9Fkk68K6xW', 1, 29, '2022-04-21 01:26:54'),
(665, 'Alica', 'Stanbury', 'astanburyfo@bloomberg.com', 'Qcp2leifeDOk', 1, 42, '2023-01-19 01:26:09'),
(666, 'Vidovik', 'Knoller', 'vknollerfp@netvibes.com', 'Hqhv950Q5a', 1, 24, '2022-07-19 11:06:22'),
(667, 'Marylinda', 'Kelshaw', 'mkelshawfq@domainmarket.com', 'OxGxjcREG', 0, 91, '2022-04-24 10:51:28'),
(668, 'Mariette', 'Samber', 'msamberfr@w3.org', 'EdVXgvfU', 1, 85, '2022-12-14 21:27:18'),
(669, 'Clayborne', 'Murphy', 'cmurphyfs@skyrock.com', 'ncLUik87b', 1, 53, '2022-03-23 19:45:52'),
(670, 'Harri', 'Gibke', 'hgibkeft@illinois.edu', 'jI3yUX', 0, 8, '2023-02-12 20:40:54'),
(671, 'Trudy', 'Stidson', 'tstidsonfu@ask.com', 'OFmF84qtAH', 1, 80, '2022-03-21 13:01:26'),
(672, 'Dahlia', 'Strangwood', 'dstrangwoodfv@blogs.com', 'SussoXBZ7Ty', 0, 76, '2022-11-08 20:50:19'),
(673, 'Lusa', 'Cragell', 'lcragellfw@delicious.com', 'DjmK299jBn', 0, 44, '2022-06-26 00:28:55'),
(674, 'Helena', 'Chismon', 'hchismonfx@themeforest.net', '4P9lxU', 0, 89, '2022-10-05 19:13:22'),
(675, 'Deana', 'Radley', 'dradleyfy@etsy.com', 'tzEgC9vj3G', 1, 14, '2022-07-23 02:38:48'),
(676, 'Dasi', 'Sapsford', 'dsapsfordfz@wikia.com', 'jySqf9OLJ', 0, 3, '2022-09-08 18:06:33'),
(677, 'Arri', 'Benyan', 'abenyang0@stanford.edu', 'dfGwwEPld', 1, 72, '2023-01-11 12:09:52'),
(678, 'Renault', 'Vanichkin', 'rvanichking1@networksolutions.com', 'P3GoRatv9Mu', 1, 52, '2022-06-09 00:24:44'),
(679, 'Normie', 'Urvoy', 'nurvoyg2@amazonaws.com', 'W7iod0', 1, 44, '2022-06-11 21:18:09'),
(680, 'Tiertza', 'Beeching', 'tbeechingg3@sun.com', 'YzfxRnW', 0, 63, '2022-08-04 23:24:23'),
(681, 'Tyrone', 'Parriss', 'tparrissg4@miitbeian.gov.cn', '8REBmBZH', 1, 84, '2022-06-17 02:06:07'),
(682, 'Star', 'Mason', 'smasong5@yellowpages.com', 'GjKIUs', 0, 33, '2022-10-18 13:28:59'),
(683, 'Diandra', 'Vicker', 'dvickerg6@networksolutions.com', 'oRgtntoSv', 1, 9, '2022-10-01 19:13:52'),
(684, 'Skelly', 'Gell', 'sgellg7@google.com', '7x4v11rigp1', 0, 47, '2022-11-23 19:58:46'),
(685, 'Leigh', 'Cail', 'lcailg8@sfgate.com', 'MURVe1I', 1, 9, '2022-12-26 12:11:59'),
(686, 'Marcos', 'Chivers', 'mchiversg9@webmd.com', 'xq492ZB', 0, 2, '2022-03-14 17:13:06'),
(687, 'Stephie', 'Kellitt', 'skellittga@illinois.edu', 'dtsOddE', 1, 82, '2022-11-28 17:10:08'),
(688, 'Read', 'Sollime', 'rsollimegb@timesonline.co.uk', 'nQJrLJ', 0, 9, '2022-02-16 03:28:33'),
(689, 'Nevin', 'Dugood', 'ndugoodgc@opera.com', 'AxVsYnmUnL', 1, 92, '2022-05-15 23:04:17'),
(690, 'Donny', 'Steer', 'dsteergd@noaa.gov', 'Q3BvZ811G', 1, 39, '2022-09-27 01:44:54'),
(691, 'Ichabod', 'Skillen', 'iskillenge@gov.uk', 'DkbCXU', 1, 18, '2022-10-06 22:44:33'),
(692, 'Minetta', 'Skipton', 'mskiptongf@instagram.com', 'mOphjYeyt4KJ', 0, 69, '2022-09-02 09:38:25'),
(693, 'Chane', 'Zanicchelli', 'czanicchelligg@forbes.com', 'TKBGfQB', 1, 95, '2022-03-01 03:12:47'),
(694, 'Hogan', 'Gibbieson', 'hgibbiesongh@howstuffworks.com', 'KDA9VdbAyU3', 0, 70, '2022-02-12 04:12:00'),
(695, 'Verla', 'Savill', 'vsavillgi@live.com', '1z3Dc2', 0, 63, '2022-05-27 09:39:39'),
(696, 'Gunther', 'Rahill', 'grahillgj@dyndns.org', 'x0TPJsBmW', 1, 7, '2022-07-16 22:39:45'),
(697, 'Thedrick', 'Hallums', 'thallumsgk@yale.edu', 'bQYENu5', 1, 41, '2023-01-18 12:28:39'),
(698, 'Tadd', 'Matelaitis', 'tmatelaitisgl@fotki.com', 'ITIOMIjh', 0, 85, '2022-11-20 05:31:58'),
(699, 'Carmelle', 'Mapes', 'cmapesgm@who.int', 'V2As0Oo62Lt', 1, 7, '2022-09-01 06:25:30'),
(700, 'Collie', 'Navan', 'cnavangn@twitter.com', '9q150k', 0, 73, '2023-01-13 10:41:37'),
(701, 'Wildon', 'Pibworth', 'wpibworthgo@cloudflare.com', 'ewhyzFP', 0, 50, '2022-05-19 13:35:51'),
(702, 'Patsy', 'Yoodall', 'pyoodallgp@ask.com', '9xNMZMVlxaX', 1, 27, '2022-06-05 11:41:42'),
(703, 'Garwood', 'Couldwell', 'gcouldwellgq@altervista.org', 'UKJSCHIzO', 1, 87, '2022-12-05 14:33:46'),
(704, 'Beverly', 'Seres', 'bseresgr@wunderground.com', 'n48GW46', 1, 53, '2022-11-16 08:46:48'),
(705, 'Wynne', 'Smitham', 'wsmithamgs@liveinternet.ru', '5wsFnw', 1, 5, '2022-05-18 16:51:30'),
(706, 'Zaneta', 'Breeder', 'zbreedergt@nps.gov', 'VWiEPN', 0, 63, '2022-12-01 02:31:07'),
(707, 'Giacopo', 'Yukhnini', 'gyukhninigu@amazon.co.jp', 'OfcwbDeS', 0, 4, '2022-02-05 18:39:08'),
(708, 'Kirsten', 'Braywood', 'kbraywoodgv@fastcompany.com', 'atrCQW', 0, 28, '2022-11-18 02:15:07'),
(709, 'Hilly', 'Broadway', 'hbroadwaygw@soundcloud.com', 'ubpgcyHNwz', 1, 28, '2022-07-05 17:38:03'),
(710, 'Cassie', 'Klimschak', 'cklimschakgx@github.com', 'b3SjWrE7Pjve', 1, 55, '2022-05-24 09:32:39'),
(711, 'Arluene', 'Boon', 'aboongy@usnews.com', 'y0MQEtW7Z', 1, 94, '2022-09-15 12:32:15'),
(712, 'Terri', 'Nisen', 'tnisengz@boston.com', 'G5qJuu', 1, 7, '2022-06-04 02:50:56'),
(713, 'Britteny', 'Camber', 'bcamberh0@youku.com', 'EK5ysXfct', 0, 47, '2022-06-27 02:51:17'),
(714, 'Abigael', 'Danielut', 'adanieluth1@oaic.gov.au', 'epD4FsG6I', 1, 18, '2022-10-13 23:29:09'),
(715, 'Glen', 'Searchwell', 'gsearchwellh2@weibo.com', 'JfuNoKsVnj', 0, 48, '2022-07-29 02:49:55'),
(716, 'Dulciana', 'Palatini', 'dpalatinih3@blogs.com', 'RBbSoMOqCZ9', 1, 87, '2022-03-14 06:37:31'),
(717, 'Beverley', 'Coxon', 'bcoxonh4@shop-pro.jp', 't4YTV7aBecqa', 0, 93, '2022-09-06 04:09:52'),
(718, 'Herby', 'Enriques', 'henriquesh5@abc.net.au', 'bVqsJ9xv', 0, 5, '2022-11-05 09:40:05'),
(719, 'Julianna', 'Bawles', 'jbawlesh6@reference.com', 'XEH9hlf', 0, 40, '2023-02-27 07:32:25'),
(720, 'Elihu', 'Livett', 'elivetth7@miibeian.gov.cn', 'JDnr3QJFl4', 1, 87, '2023-02-26 22:13:11'),
(721, 'Barnebas', 'Reeks', 'breeksh8@hc360.com', '8q2iJ9A9RU', 0, 19, '2023-02-26 09:17:28'),
(722, 'Cathryn', 'Ovenell', 'covenellh9@wufoo.com', 'BllanyKN', 0, 32, '2023-01-24 15:19:05'),
(723, 'Cointon', 'Dockery', 'cdockeryha@dyndns.org', 'cp6XlTNO9XUQ', 1, 3, '2022-08-09 01:19:48'),
(724, 'Arch', 'Raggles', 'araggleshb@webnode.com', 'OaTH1y4', 1, 18, '2022-10-23 04:08:27'),
(725, 'Jerome', 'Eallis', 'jeallishc@unesco.org', '7NZ8IwOdxvX', 0, 78, '2022-02-09 09:42:51'),
(726, 'Caril', 'Lode', 'clodehd@cnbc.com', 'puiBtoGDgLal', 1, 40, '2022-07-06 19:58:06'),
(727, 'Leila', 'Tydeman', 'ltydemanhe@cdc.gov', '8DF6xdl', 0, 63, '2023-01-01 03:06:13'),
(728, 'Martyn', 'Harrowing', 'mharrowinghf@bizjournals.com', '4jdgQm', 0, 96, '2022-09-07 11:37:54'),
(729, 'Laurence', 'Attride', 'lattridehg@csmonitor.com', '7s78fJR', 1, 93, '2022-07-04 23:04:47'),
(730, 'Sherlock', 'MacNalley', 'smacnalleyhh@google.cn', '6Li8wVHB', 1, 79, '2023-02-12 15:53:20'),
(731, 'Odie', 'Wenham', 'owenhamhi@mac.com', 'zo0PIjUnFqu', 1, 14, '2022-09-16 00:28:30'),
(732, 'Rem', 'Dmych', 'rdmychhj@princeton.edu', 'HLXY1ALn', 1, 30, '2022-06-26 13:23:37'),
(733, 'Katusha', 'Kirvin', 'kkirvinhk@examiner.com', 'sTMerFqlJC6E', 0, 9, '2022-07-06 13:33:09'),
(734, 'Silvio', 'Imos', 'simoshl@apple.com', 'D8lrPUu1C0', 0, 54, '2023-02-26 02:37:05'),
(735, 'Addi', 'Marchent', 'amarchenthm@opensource.org', 'bljYmPUXM', 1, 43, '2022-04-03 01:20:43'),
(736, 'Natka', 'Dowley', 'ndowleyhn@google.cn', 'Tc2wu5Y', 0, 55, '2023-02-27 21:00:42'),
(737, 'Kelcey', 'Cruess', 'kcruessho@com.com', 'w713WnvJBa1', 1, 44, '2022-08-21 21:54:39'),
(738, 'Corliss', 'Latch', 'clatchhp@jimdo.com', '57EKlvu', 1, 57, '2022-05-06 11:38:26'),
(739, 'Jerrie', 'Sherreard', 'jsherreardhq@reference.com', 'q9fJ3TIv', 0, 51, '2022-03-05 23:58:10'),
(740, 'Darwin', 'Clout', 'dclouthr@bluehost.com', 'EPZNJM', 1, 83, '2022-08-26 21:41:20'),
(741, 'Jerald', 'Furtado', 'jfurtadohs@istockphoto.com', 'NCtOds9MZuGI', 1, 66, '2023-02-10 23:20:02'),
(742, 'Rayshell', 'Mill', 'rmillht@narod.ru', 'G9qA2nO', 1, 80, '2022-12-29 02:22:41'),
(743, 'Fredrika', 'Steadman', 'fsteadmanhu@creativecommons.org', 'FuE1Vg', 0, 3, '2022-07-17 02:04:50'),
(744, 'Martica', 'Extall', 'mextallhv@amazon.co.jp', 'pV42kRyI53', 0, 71, '2022-06-11 21:59:24'),
(745, 'Seka', 'Brownlea', 'sbrownleahw@blogtalkradio.com', 'b8xtTO1NnU', 1, 49, '2022-09-15 04:05:36'),
(746, 'Clarence', 'Gritland', 'cgritlandhx@newyorker.com', 'O6hbpHe9JT', 0, 30, '2022-09-24 20:04:23'),
(747, 'Norrie', 'Daughton', 'ndaughtonhy@techcrunch.com', 'LgyTPt61', 0, 2, '2022-12-20 14:38:56'),
(748, 'Velvet', 'Branton', 'vbrantonhz@hao123.com', 'cmAZLF', 0, 20, '2022-09-18 23:54:56'),
(749, 'Magda', 'Emmett', 'memmetti0@guardian.co.uk', 'zNqwsHgYYBa', 1, 95, '2022-10-15 00:42:31'),
(750, 'Lilla', 'Popworth', 'lpopworthi1@wp.com', '9W2yYP', 0, 16, '2022-09-05 17:51:47'),
(751, 'Melania', 'Cadigan', 'mcadigani2@blogger.com', 'JMzLjkTPr7z', 1, 91, '2022-02-09 16:36:39'),
(752, 'Sherye', 'Paudin', 'spaudini3@wordpress.com', 'X7ERMrIMsq', 1, 11, '2022-02-11 19:05:00'),
(753, 'Janna', 'Swinnerton', 'jswinnertoni4@wikipedia.org', 'wdozfXYS', 1, 80, '2023-02-07 21:54:38'),
(754, 'Fabien', 'Bumpas', 'fbumpasi5@gmpg.org', 'BvRJWRiRgT5', 0, 67, '2022-10-05 21:29:56'),
(755, 'Belita', 'Leyden', 'bleydeni6@nature.com', 'grV1XVpC9vuP', 0, 97, '2022-08-13 10:26:53'),
(756, 'Elmer', 'Marchetti', 'emarchettii7@cbslocal.com', 'RDpllIU', 0, 86, '2022-06-23 14:59:03'),
(757, 'Ernaline', 'Rudgley', 'erudgleyi8@sohu.com', 'diZXiWfP', 0, 37, '2023-02-11 20:48:18'),
(758, 'Dominga', 'Delamaine', 'ddelamainei9@123-reg.co.uk', 'lVkjmdLOUAAR', 1, 27, '2022-02-19 07:42:44'),
(759, 'Krista', 'Whitmell', 'kwhitmellia@dmoz.org', '3h1ppMY1', 1, 24, '2022-09-15 10:12:27'),
(760, 'Archaimbau', 'Brunker', 'abrunkerib@smh.com.au', 'ZskJNd', 0, 40, '2023-02-11 15:14:18'),
(761, 'Caryn', 'Berget', 'cbergetic@altervista.org', 'qjUkzNhz', 0, 27, '2022-05-25 03:57:00'),
(762, 'Cart', 'Bellows', 'cbellowsid@alibaba.com', 'HZdmxN1C', 1, 14, '2022-05-26 05:35:04'),
(763, 'Janis', 'O\'Corren', 'jocorrenie@tripod.com', 'HuyNxP8TtOJ', 1, 90, '2022-10-27 09:35:42'),
(764, 'Emmanuel', 'Snalom', 'esnalomif@pen.io', 'yAUhKWtJ', 1, 9, '2022-03-23 19:03:10'),
(765, 'Reese', 'Bradick', 'rbradickig@stumbleupon.com', 'IpZYrTkVR', 0, 74, '2022-12-20 22:39:12'),
(766, 'Farica', 'Ghelarducci', 'fghelarducciih@newsvine.com', '2JrZ63', 0, 43, '2022-02-23 10:39:01'),
(767, 'Baudoin', 'Vassano', 'bvassanoii@ox.ac.uk', 'yyU4EMtAy', 1, 91, '2023-01-27 06:51:45'),
(768, 'Fairlie', 'Harlin', 'fharlinij@nymag.com', 'ueldPy', 1, 31, '2022-06-28 12:46:14'),
(769, 'Danila', 'Crowley', 'dcrowleyik@craigslist.org', 'MecI5Fv9n', 1, 80, '2022-12-28 07:06:22'),
(770, 'Tabby', 'Joire', 'tjoireil@google.co.jp', 'CMa7Tkks7fTz', 0, 9, '2022-07-08 15:54:36'),
(771, 'Ina', 'Mabe', 'imabeim@nih.gov', 'SQoKx4eo', 0, 99, '2023-01-01 11:37:32'),
(772, 'Staci', 'Pardon', 'spardonin@wordpress.com', 'c3gg2x6rbd', 1, 75, '2022-04-04 21:33:06'),
(773, 'Samuele', 'Perring', 'sperringio@nih.gov', '591RT048L7L', 0, 75, '2022-11-13 18:48:06'),
(774, 'Karlee', 'Emes', 'kemesip@sciencedaily.com', 'OURWJwPRo', 1, 50, '2022-02-12 18:27:54'),
(775, 'Bowie', 'Karpol', 'bkarpoliq@google.fr', 'CFaYeh4fF0ht', 0, 24, '2023-01-28 23:08:06'),
(776, 'Erie', 'Balentyne', 'ebalentyneir@de.vu', 'In1pyjfNEO', 0, 70, '2023-01-21 22:24:19'),
(777, 'Georgi', 'Easterby', 'geasterbyis@geocities.com', '0uxYwC', 0, 78, '2023-01-30 07:53:58'),
(778, 'Michell', 'Leglise', 'mlegliseit@yandex.ru', 'v9cs6LkBZI', 1, 81, '2022-12-01 15:01:29'),
(779, 'Dyann', 'Canner', 'dcanneriu@independent.co.uk', 'G2XOdg6Xf7U', 1, 72, '2022-11-04 18:58:20'),
(780, 'Clarinda', 'Melson', 'cmelsoniv@rakuten.co.jp', 'WaYyGYQIzD', 1, 19, '2022-06-14 18:15:18'),
(781, 'Sharia', 'Walworth', 'swalworthiw@smh.com.au', 'Oj7MMH3d0', 1, 77, '2022-08-27 22:56:47'),
(782, 'Mervin', 'Cumine', 'mcumineix@blinklist.com', '5WTfTZ9', 1, 30, '2022-07-12 06:54:46'),
(783, 'Luce', 'Fleckno', 'lflecknoiy@unicef.org', 'j2mHFbeU8wr', 1, 16, '2022-11-20 14:34:41'),
(784, 'Callean', 'Ajsik', 'cajsikiz@about.com', 'uLJd5U', 0, 89, '2022-05-16 05:35:04'),
(785, 'Lazarus', 'Saffran', 'lsaffranj0@oakley.com', 'GPISuSuS', 0, 2, '2022-11-28 01:23:44'),
(786, 'Lindy', 'Gazey', 'lgazeyj1@gov.uk', 'N9ZjB1K', 1, 40, '2022-08-06 08:42:48'),
(787, 'Josefa', 'Stearne', 'jstearnej2@yandex.ru', 'asH0GyKMlyS', 0, 92, '2022-11-02 08:34:42'),
(788, 'Kary', 'Blakeney', 'kblakeneyj3@pagesperso-orange.fr', 'wjibzGSPUtmy', 0, 43, '2022-02-27 12:00:56'),
(789, 'Sigfrid', 'Ulster', 'sulsterj4@ox.ac.uk', 'HX634txINHC', 0, 38, '2022-10-05 11:46:24'),
(790, 'Alleen', 'Oswal', 'aoswalj5@storify.com', '1VTu3M', 1, 62, '2022-05-21 11:56:25'),
(791, 'Gorden', 'Ryott', 'gryottj6@home.pl', 'aI4cKx', 1, 95, '2022-06-11 22:37:54'),
(792, 'Stanwood', 'Pilch', 'spilchj7@flavors.me', '5Llp5yPSFr', 1, 90, '2022-09-14 12:29:25'),
(793, 'Karlee', 'Leyshon', 'kleyshonj8@ox.ac.uk', 'CjAliY3St', 1, 68, '2022-04-10 18:40:59'),
(794, 'Lorilyn', 'Aubrey', 'laubreyj9@imgur.com', 'EDWDFZGtwbW', 0, 68, '2022-10-08 13:30:34'),
(795, 'Rhett', 'Enrietto', 'renriettoja@newsvine.com', 'cvSdW6', 1, 35, '2022-08-23 11:05:20'),
(796, 'Deedee', 'Gouley', 'dgouleyjb@google.nl', '4ii5jJOn', 1, 70, '2023-01-13 16:07:56'),
(797, 'Celisse', 'Mc Andrew', 'cmcandrewjc@nationalgeographic.com', 'EEm2CGl8Wzb', 0, 45, '2022-03-15 20:14:33'),
(798, 'Anthe', 'Burborough', 'aburboroughjd@fda.gov', 'DxIZ42', 1, 17, '2022-08-09 22:25:41'),
(799, 'Gates', 'Rand', 'grandje@umich.edu', '0g30zM', 1, 47, '2023-01-29 00:26:49'),
(800, 'Tamarah', 'Jonin', 'tjoninjf@ovh.net', 'adMj5nqUv4', 0, 86, '2022-11-22 00:45:01'),
(801, 'Ellissa', 'Bradforth', 'ebradforthjg@mtv.com', 'VbKlZ1nfjX', 1, 91, '2022-09-03 21:33:33'),
(802, 'Dennison', 'Coning', 'dconingjh@bbc.co.uk', 'umy3NQ6aKGOw', 0, 97, '2022-04-27 20:09:12'),
(803, 'Jessie', 'Orneblow', 'jorneblowji@vimeo.com', '6iPrG63p5T', 0, 13, '2022-09-03 12:32:11'),
(804, 'Ronnica', 'Beine', 'rbeinejj@unc.edu', 'cCxBUK', 1, 69, '2022-11-26 09:40:13'),
(805, 'Dwayne', 'Welbelove', 'dwelbelovejk@vinaora.com', 'mTLbLB', 1, 11, '2022-02-09 23:33:35'),
(806, 'Rutger', 'Painter', 'rpainterjl@acquirethisname.com', 'euE6g6', 0, 46, '2022-03-18 12:24:00'),
(807, 'Jessalyn', 'Yakhin', 'jyakhinjm@house.gov', 'eR2w1pmAv', 1, 97, '2022-10-06 10:26:42'),
(808, 'Nikolaos', 'Marryatt', 'nmarryattjn@ycombinator.com', 'iqXyDvdOhr', 0, 51, '2023-01-26 18:02:00'),
(809, 'Michele', 'Sybbe', 'msybbejo@chicagotribune.com', 'Cb49M2lz', 1, 59, '2022-06-21 08:17:05'),
(810, 'Illa', 'Wratten', 'iwrattenjp@nydailynews.com', 'caYoK0AqU', 1, 45, '2022-06-23 18:07:31'),
(811, 'Shellyshel', 'Savery', 'ssaveryjq@is.gd', 'sd1mGE0QOFD', 0, 45, '2023-02-03 12:04:39'),
(812, 'Anna', 'Ianelli', 'aianellijr@house.gov', 'f58bNwW8', 0, 90, '2022-03-01 21:59:11'),
(813, 'Benyamin', 'Stanislaw', 'bstanislawjs@china.com.cn', 'Ulrn5kiZ', 1, 17, '2022-07-09 11:08:07'),
(814, 'Albina', 'Impey', 'aimpeyjt@canalblog.com', '5QNQLgF', 0, 14, '2022-11-23 16:01:39'),
(815, 'Reeva', 'O\'Hagirtie', 'rohagirtieju@360.cn', '29xgpXHs', 0, 16, '2023-01-03 19:29:01'),
(816, 'Glenden', 'Starbucke', 'gstarbuckejv@ft.com', 'uKecv4Q', 0, 40, '2022-08-07 13:05:40'),
(817, 'Riley', 'Grantham', 'rgranthamjw@cbsnews.com', 'K9TaEZ7', 1, 51, '2022-10-28 18:59:19'),
(818, 'Rollin', 'Pollak', 'rpollakjx@a8.net', 'Mbs9S5Z454Xq', 0, 38, '2022-11-01 19:31:57'),
(819, 'Cortney', 'Slocket', 'cslocketjy@sun.com', 'uVjuSxMVpOmg', 0, 35, '2022-12-31 00:43:55'),
(820, 'Glenda', 'Huntley', 'ghuntleyjz@elpais.com', 'yKgktSsVRoh', 0, 63, '2022-05-29 20:08:37'),
(821, 'Dominik', 'Mulqueeny', 'dmulqueenyk0@amazon.co.jp', 'Q7OMRBV', 0, 8, '2022-05-14 10:25:15'),
(822, 'Tybalt', 'Josefer', 'tjoseferk1@cnbc.com', '3WqQzNS8Jdd', 0, 51, '2022-05-20 06:37:04'),
(823, 'Gennifer', 'Dyet', 'gdyetk2@cnet.com', 'VRvbcXZ', 0, 30, '2022-07-14 08:01:52'),
(824, 'Laurie', 'Willshere', 'lwillsherek3@nymag.com', 'EoE7d6', 1, 98, '2022-04-15 05:08:34'),
(825, 'Ranee', 'Covell', 'rcovellk4@nba.com', '9CVbxVdr', 0, 3, '2022-03-04 21:44:21'),
(826, 'Stefano', 'Serle', 'sserlek5@addthis.com', 'nceEbv', 1, 16, '2022-09-06 18:41:40'),
(827, 'Josey', 'Poor', 'jpoork6@wikispaces.com', 'IzcjP1NkR2vJ', 0, 72, '2023-01-13 23:00:34'),
(828, 'Rennie', 'Flaxon', 'rflaxonk7@dropbox.com', '80ppxThV', 0, 14, '2023-01-05 08:17:45'),
(829, 'Brigitte', 'Bowler', 'bbowlerk8@theguardian.com', 'ni4QCO', 0, 52, '2022-09-07 07:36:35'),
(830, 'Karalee', 'McGuffog', 'kmcguffogk9@usnews.com', 'hw9oPtO', 1, 17, '2022-11-19 21:09:29'),
(831, 'Amalita', 'Charlesworth', 'acharlesworthka@goo.ne.jp', 'LnBTfD', 1, 31, '2022-09-09 03:13:36'),
(832, 'Prince', 'Ren', 'prenkb@pagesperso-orange.fr', 'vGTR803h0iV', 0, 3, '2022-05-05 07:12:34'),
(833, 'Carolann', 'Kempton', 'ckemptonkc@barnesandnoble.com', 'qXde5Svpr', 0, 19, '2022-04-20 19:16:43'),
(834, 'Winn', 'Oty', 'wotykd@tuttocitta.it', 'OVAeWFT3', 0, 88, '2022-08-12 23:45:36'),
(835, 'Sarina', 'Girhard', 'sgirhardke@usa.gov', 'KMRA0xK10imx', 0, 86, '2022-08-30 14:20:14'),
(836, 'Jamesy', 'Stephen', 'jstephenkf@histats.com', 'WV14mRdYrf2j', 0, 65, '2022-02-17 08:18:58'),
(837, 'Gennifer', 'Ector', 'gectorkg@globo.com', 'm8oUWWIzR', 0, 67, '2022-05-28 01:23:40'),
(838, 'Susie', 'McDyer', 'smcdyerkh@newyorker.com', 'sIcFGVAuCV', 1, 39, '2022-09-04 07:28:27'),
(839, 'Elias', 'MacCallion', 'emaccallionki@etsy.com', 'afBKvChBbh', 0, 94, '2022-07-17 19:59:51'),
(840, 'Linda', 'Muscat', 'lmuscatkj@usatoday.com', 'dWnFaO0aXC1x', 0, 56, '2022-12-02 06:55:50'),
(841, 'Desiree', 'Folks', 'dfolkskk@bloglovin.com', 'eplOcR', 1, 94, '2023-01-03 23:45:19'),
(842, 'Brocky', 'Vuitton', 'bvuittonkl@bloglovin.com', 'oerFLwJx', 0, 7, '2023-02-03 04:31:22'),
(843, 'Eula', 'Haensel', 'ehaenselkm@zdnet.com', '33ZOVn2ZI', 0, 49, '2022-08-30 18:28:46'),
(844, 'Catina', 'Ference', 'cferencekn@cam.ac.uk', 'hE52LlSfMalo', 0, 25, '2022-08-01 04:24:29'),
(845, 'Rica', 'Longforth', 'rlongforthko@tinyurl.com', '8oIlOl', 0, 75, '2022-07-20 20:23:36'),
(846, 'Norma', 'Marvel', 'nmarvelkp@behance.net', 'QOn8l0buWkbc', 1, 3, '2023-01-08 11:31:59'),
(847, 'Arlana', 'Corby', 'acorbykq@behance.net', 'cePkwQp', 0, 87, '2022-02-10 21:37:57'),
(848, 'Steffie', 'Vesque', 'svesquekr@smh.com.au', 'iaJRcV', 1, 29, '2022-04-07 09:26:39'),
(849, 'Batsheva', 'Cornehl', 'bcornehlks@nsw.gov.au', 'KiFXRFSxgm', 1, 80, '2022-07-29 04:58:36'),
(850, 'Riane', 'Flobert', 'rflobertkt@ebay.com', '1bh0sBYAhc7', 0, 18, '2022-05-07 13:27:38'),
(851, 'Drake', 'Fulun', 'dfulunku@stanford.edu', 'k1gwwF', 1, 48, '2022-03-13 21:33:00'),
(852, 'Filberte', 'Kirkbride', 'fkirkbridekv@booking.com', 'qZyhBPBU8k', 0, 84, '2022-06-09 12:58:38'),
(853, 'Meara', 'Crippes', 'mcrippeskw@google.it', 'wihsmNLunl3e', 1, 77, '2022-10-27 02:14:20'),
(854, 'Kordula', 'MacSwayde', 'kmacswaydekx@wikipedia.org', 'ECIcxOQWf', 0, 36, '2022-03-27 03:43:28'),
(855, 'Caitrin', 'Cowser', 'ccowserky@ning.com', 'Zkn7ZNc', 0, 46, '2022-06-28 08:08:42'),
(856, 'Erwin', 'Peiser', 'epeiserkz@jalbum.net', '4d9GkAILIYb', 0, 24, '2022-12-15 05:34:38'),
(857, 'Selma', 'Swann', 'sswannl0@eepurl.com', 'T45nw9cpm', 1, 80, '2022-12-08 22:39:13'),
(858, 'Lindon', 'Halksworth', 'lhalksworthl1@jalbum.net', 'TUBQPR4m', 0, 30, '2022-04-03 05:20:49'),
(859, 'Victoir', 'Bischof', 'vbischofl2@livejournal.com', 'CXNvYoZHsNVR', 0, 9, '2022-03-28 01:40:49'),
(860, 'Jaquelyn', 'Sheddan', 'jsheddanl3@wired.com', 'I5QmSu', 1, 53, '2022-09-19 03:33:16'),
(861, 'Ignaz', 'Keppie', 'ikeppiel4@list-manage.com', 'djQPVDVfncE', 0, 41, '2022-04-09 13:19:58'),
(862, 'Eleanora', 'Daviddi', 'edaviddil5@jiathis.com', '6XL3qK', 0, 43, '2022-03-12 03:07:45'),
(863, 'Durward', 'Assender', 'dassenderl6@answers.com', 'aG4Xbvm4N', 0, 93, '2022-12-09 04:03:27'),
(864, 'Bethany', 'Hrinishin', 'bhrinishinl7@infoseek.co.jp', '3B1yS1Rb1', 1, 37, '2022-07-07 12:41:36'),
(865, 'Brand', 'Jesty', 'bjestyl8@google.it', '8VGHDivHy5x', 0, 5, '2022-02-27 00:33:04'),
(866, 'Matilde', 'Glasser', 'mglasserl9@elegantthemes.com', 'dRKxD850Ze', 1, 13, '2022-06-06 15:41:50'),
(867, 'Sally', 'Cotty', 'scottyla@foxnews.com', 'zuiVo2XmK1', 1, 49, '2022-12-27 18:51:41'),
(868, 'Gloriana', 'Carragher', 'gcarragherlb@samsung.com', 'ZU06A6uN7Re', 0, 10, '2022-02-23 11:57:48'),
(869, 'Joy', 'Allicock', 'jallicocklc@smh.com.au', 'cFSN8KV', 0, 98, '2022-12-07 18:09:05'),
(870, 'Zak', 'Gheerhaert', 'zgheerhaertld@desdev.cn', 'cZgH5sb', 0, 63, '2022-08-16 16:15:40'),
(871, 'Lishe', 'Sergean', 'lsergeanle@uol.com.br', 'Wb3cw5d12RsX', 0, 20, '2023-01-11 00:08:15'),
(872, 'Malena', 'Somerled', 'msomerledlf@cam.ac.uk', '4YoQWpk', 1, 10, '2023-02-03 10:55:01'),
(873, 'Enid', 'Chin', 'echinlg@rakuten.co.jp', 'fdWLKG4', 1, 89, '2022-06-13 07:58:55'),
(874, 'Alvis', 'O\'Hengerty', 'aohengertylh@auda.org.au', '1ojajAU', 1, 20, '2022-07-27 18:00:00'),
(875, 'Cristie', 'Roistone', 'croistoneli@mozilla.com', 'c8S1atxwb', 1, 30, '2022-08-02 07:53:12'),
(876, 'Paxton', 'Honig', 'phoniglj@utexas.edu', 'IK0DfiuvVVT', 1, 89, '2022-04-23 04:19:36'),
(877, 'Muriel', 'Kilford', 'mkilfordlk@cbsnews.com', 'OgvRSKgl', 0, 59, '2022-12-28 08:59:37'),
(878, 'Mag', 'Duffer', 'mdufferll@mozilla.org', '5mlltjfbh0G', 0, 24, '2022-09-10 11:00:11'),
(879, 'Leighton', 'Bygraves', 'lbygraveslm@ifeng.com', 'aRGHn1gV2PNm', 0, 45, '2022-04-12 12:27:16'),
(880, 'Erhart', 'Shrimpton', 'eshrimptonln@pinterest.com', 'WTTgMMgR', 1, 52, '2022-06-13 09:25:22'),
(881, 'Serene', 'Meaton', 'smeatonlo@irs.gov', 'UKvHtoT', 0, 26, '2022-12-16 22:02:37'),
(882, 'Olivette', 'Stickley', 'ostickleylp@moonfruit.com', 'kIHzmfiP73F', 1, 72, '2022-03-28 05:55:34'),
(883, 'Kelly', 'Curnokk', 'kcurnokklq@google.fr', 'uFyPhqVT', 0, 83, '2022-02-24 06:30:50'),
(884, 'Leonard', 'Ansett', 'lansettlr@yahoo.com', 'qMg8JENUMJOG', 0, 2, '2022-12-20 14:19:41'),
(885, 'Asher', 'Fogel', 'afogells@jalbum.net', 'UAOBuvXNuL', 0, 57, '2023-01-04 08:04:33'),
(886, 'Gisella', 'Gumey', 'ggumeylt@nasa.gov', 'dhkJZeBI3fj', 1, 79, '2022-10-09 21:50:54'),
(887, 'Curran', 'Wyldes', 'cwyldeslu@google.cn', 'tjQ7IgFT', 1, 28, '2023-01-07 13:57:22'),
(888, 'Ediva', 'Burnand', 'eburnandlv@smugmug.com', 'j7wujRHkEM9i', 0, 99, '2022-06-10 22:20:54'),
(889, 'Aleece', 'Rumgay', 'arumgaylw@google.com.au', 'Ox4KWRZc0U', 0, 14, '2022-02-09 18:35:45'),
(890, 'Laurella', 'Nise', 'lniselx@who.int', '7HHRh33U1T', 0, 68, '2022-06-06 15:44:26'),
(891, 'Concordia', 'Rymmer', 'crymmerly@google.co.uk', 'udyAkcic1jw', 0, 4, '2023-01-04 16:06:19'),
(892, 'Tabbi', 'Hoult', 'thoultlz@uiuc.edu', '5CzMLIaYaew', 0, 10, '2022-08-31 12:48:01'),
(893, 'Hallie', 'O\'Ferris', 'hoferrism0@theguardian.com', 'H2kaSxGmtrP', 1, 40, '2022-09-04 07:05:09'),
(894, 'Caron', 'Drawmer', 'cdrawmerm1@hhs.gov', '3qMtjg1Gfp0', 1, 69, '2022-05-19 12:00:41'),
(895, 'Ag', 'Leyrroyd', 'aleyrroydm2@netscape.com', 'FZBrlj', 1, 25, '2023-02-02 16:58:57'),
(896, 'Alikee', 'Plowright', 'aplowrightm3@unesco.org', 'rBPGOcCdS2', 0, 19, '2022-02-16 18:53:09'),
(897, 'Laurent', 'Cancellieri', 'lcancellierim4@newyorker.com', 'PESjZjvISh5', 1, 18, '2022-09-10 05:09:29'),
(898, 'Kimberly', 'Baudinot', 'kbaudinotm5@kickstarter.com', 'VirKko7VO', 0, 35, '2022-05-29 16:18:57'),
(899, 'Laurene', 'Moiser', 'lmoiserm6@twitter.com', '0axvWNv', 0, 20, '2022-02-23 18:04:44'),
(900, 'Dorena', 'Sandwick', 'dsandwickm7@adobe.com', '2JiXbn', 0, 94, '2022-10-07 23:23:39'),
(901, 'Penn', 'Inger', 'pingerm8@soup.io', 'endOldTIer', 0, 12, '2023-02-17 14:43:40'),
(902, 'Olympe', 'Dudbridge', 'odudbridgem9@economist.com', 'NSlkTusRGD', 1, 75, '2022-06-12 09:44:08'),
(903, 'Fidelity', 'Valeri', 'fvalerima@stumbleupon.com', 'N5YU8xJ', 0, 43, '2022-07-18 04:19:38'),
(904, 'Lutero', 'Brushfield', 'lbrushfieldmb@rakuten.co.jp', 'fr9uD4', 1, 88, '2022-07-04 21:58:28'),
(905, 'Alasdair', 'Huws', 'ahuwsmc@cbsnews.com', 'q6G7NjeIrU1q', 0, 12, '2022-12-07 10:51:07'),
(906, 'Vittoria', 'Dowdell', 'vdowdellmd@soup.io', 'lTVNBtQ', 1, 93, '2022-06-16 13:57:21'),
(907, 'Hettie', 'Ivashkin', 'hivashkinme@ifeng.com', 'nsii6OzqC5N', 0, 35, '2022-11-17 20:41:24'),
(908, 'Wallie', 'Arkwright', 'warkwrightmf@qq.com', 'iZ7aRAk0', 0, 91, '2022-06-16 00:47:14'),
(909, 'Steve', 'Taberner', 'stabernermg@soundcloud.com', 'lBUbL8AoS', 1, 53, '2022-03-07 02:20:03'),
(910, 'Iain', 'Struss', 'istrussmh@miitbeian.gov.cn', 'QidMgfxBz', 1, 90, '2022-04-20 04:06:18'),
(911, 'Eveline', 'Chase', 'echasemi@theatlantic.com', 'LNxG3e8', 0, 94, '2022-09-10 20:57:06'),
(912, 'Alis', 'Edgeworth', 'aedgeworthmj@cbslocal.com', 't2nlNlSsva', 0, 1, '2022-04-05 08:41:57'),
(913, 'Tessi', 'Collman', 'tcollmanmk@tuttocitta.it', 'MmNVNrD', 1, 21, '2022-04-16 04:30:36'),
(914, 'Alysa', 'Olliver', 'aolliverml@umich.edu', 'nqswnB0lP', 1, 99, '2022-06-04 13:49:25'),
(915, 'Mirabella', 'Kirkebye', 'mkirkebyemm@amazon.co.jp', '40U9xt0taV7', 0, 38, '2022-08-05 10:47:12'),
(916, 'Agosto', 'Allbon', 'aallbonmn@g.co', 'zZBrw9wZa', 0, 91, '2022-09-04 19:40:49'),
(917, 'Madelin', 'Tringham', 'mtringhammo@wikia.com', 'DXjzGpJ5j', 0, 44, '2022-02-25 05:01:23'),
(918, 'Ebba', 'Call', 'ecallmp@mtv.com', 'vviLaV', 1, 46, '2022-03-27 16:21:33'),
(919, 'Ddene', 'Vynoll', 'dvynollmq@lycos.com', 'yyRuIrqo9', 0, 96, '2023-01-20 08:45:37'),
(920, 'Desiree', 'Chislett', 'dchislettmr@cbc.ca', 's1D1hvC8MJZ', 1, 45, '2023-01-20 19:39:46'),
(921, 'Leontyne', 'Chillingworth', 'lchillingworthms@jalbum.net', '06tuxn30DbGX', 1, 33, '2022-06-15 13:25:18'),
(922, 'Errol', 'Manketell', 'emanketellmt@livejournal.com', 'ULuibRSD', 1, 33, '2022-10-10 06:28:16'),
(923, 'Krystle', 'Purkiss', 'kpurkissmu@exblog.jp', 'MqDOWqp', 1, 64, '2022-12-15 09:31:14'),
(924, 'Chelsae', 'Fabbro', 'cfabbromv@canalblog.com', 'uGioIGobpvCY', 0, 25, '2022-04-19 23:48:48'),
(925, 'Bibby', 'Philippsohn', 'bphilippsohnmw@prnewswire.com', 'VBeXTxwtYyXU', 0, 29, '2022-06-07 12:11:53'),
(926, 'Marcelo', 'Giveen', 'mgiveenmx@wikimedia.org', '26E0lze2', 0, 70, '2023-01-23 11:42:05'),
(927, 'Gisele', 'Sponer', 'gsponermy@arizona.edu', 'ZcOC113hiveV', 0, 63, '2022-09-14 03:51:09'),
(928, 'Casey', 'Josifovic', 'cjosifovicmz@go.com', 'Yr5fms4', 1, 7, '2022-11-03 12:54:27'),
(929, 'Hall', 'Goodbairn', 'hgoodbairnn0@un.org', 'TjQYtWe6zTJk', 0, 43, '2023-02-13 18:34:42'),
(930, 'Jefferey', 'Meekins', 'jmeekinsn1@google.fr', 'q5Ujn5cSYN', 0, 96, '2023-02-24 08:35:59'),
(931, 'Torr', 'Colles', 'tcollesn2@bravesites.com', 'DEd2u3slakz', 1, 53, '2022-10-25 11:21:26'),
(932, 'Alex', 'O\'Dennehy', 'aodennehyn3@ning.com', 'VhQLxI8MhJp', 0, 74, '2022-12-16 08:12:07'),
(933, 'Malachi', 'Mosconi', 'mmosconin4@cisco.com', 'ysWk7v', 1, 15, '2022-12-02 21:59:11'),
(934, 'Bartolomeo', 'Orviss', 'borvissn5@google.it', 'mjBf83', 0, 51, '2022-03-17 02:08:52'),
(935, 'Doreen', 'Waddup', 'dwaddupn6@4shared.com', 'xldElpGdK', 0, 11, '2023-01-14 07:37:27'),
(936, 'Shena', 'Beckinsall', 'sbeckinsalln7@weibo.com', 'lOf24Yf', 1, 97, '2022-12-11 12:44:13'),
(937, 'Ettie', 'Staddom', 'estaddomn8@indiegogo.com', 'kmoZYgm', 0, 58, '2022-03-11 13:29:33'),
(938, 'Salvatore', 'Pidgeley', 'spidgeleyn9@si.edu', 'smfvwxIsxS5', 0, 98, '2022-02-17 14:18:34'),
(939, 'Guss', 'Bickers', 'gbickersna@canalblog.com', 'tV6tOXjlCfL0', 1, 18, '2022-03-18 02:25:01'),
(940, 'Chaim', 'Raggett', 'craggettnb@nydailynews.com', 'VCnmrpS', 0, 91, '2022-10-30 04:44:33'),
(941, 'Gregorio', 'Golagley', 'ggolagleync@sbwire.com', 'WtTpPkPvVORY', 1, 5, '2022-11-07 08:52:01'),
(942, 'Jerri', 'Lutwyche', 'jlutwychend@jalbum.net', 'qMBiTY', 0, 49, '2022-07-05 12:53:14'),
(943, 'Cheri', 'Khidr', 'ckhidrne@narod.ru', 'gLg4h1TY6', 1, 29, '2022-03-23 00:35:32'),
(944, 'Alexio', 'Spinella', 'aspinellanf@seesaa.net', 'QBsv7HDa7', 0, 99, '2022-05-25 03:06:13'),
(945, 'Worth', 'Brodley', 'wbrodleyng@slashdot.org', 'VCt2k9oEgprJ', 1, 12, '2022-03-25 00:01:53'),
(946, 'Antin', 'Bock', 'abocknh@arizona.edu', 'ROmFsh', 1, 59, '2022-11-02 00:52:15'),
(947, 'Orton', 'Frensch', 'ofrenschni@blogs.com', 'qHqdRsruGA', 0, 61, '2022-02-06 09:14:24'),
(948, 'Martie', 'Jaycox', 'mjaycoxnj@booking.com', 'kXaUvg3d3l', 0, 27, '2022-03-24 12:38:53'),
(949, 'Dewie', 'Lidgerton', 'dlidgertonnk@nifty.com', 'HfxWlZZAE6Qu', 0, 53, '2022-07-09 13:26:41'),
(950, 'Colas', 'Rosendall', 'crosendallnl@hubpages.com', 'AK1gDODev9t', 0, 82, '2023-02-27 03:02:57'),
(951, 'Dix', 'Burchess', 'dburchessnm@globo.com', 'MzGOZS9qLes', 1, 54, '2022-04-06 02:10:50'),
(952, 'Morgun', 'Zieme', 'mziemenn@1und1.de', 'fUFTiMNag', 0, 21, '2022-07-08 07:00:33'),
(953, 'Pierce', 'Yarr', 'pyarrno@mozilla.com', 'CcE281GH', 1, 45, '2022-12-17 09:31:44'),
(954, 'Luce', 'Ghiriardelli', 'lghiriardellinp@nhs.uk', 'wP24PM', 1, 61, '2022-06-17 00:38:25'),
(955, 'Cynthea', 'Linfoot', 'clinfootnq@wunderground.com', 'BkCA5o8pSae', 1, 71, '2023-01-14 06:40:49'),
(956, 'Verney', 'MacDaid', 'vmacdaidnr@symantec.com', 'WjtaXywgkx9', 1, 73, '2022-07-15 03:03:16'),
(957, 'Temple', 'Floyde', 'tfloydens@naver.com', 'iNmGJqBfctIW', 0, 51, '2022-09-21 00:53:13'),
(958, 'Clerkclaud', 'Schafer', 'cschafernt@friendfeed.com', 'v8bHZthbbQf1', 0, 37, '2022-03-09 08:37:37'),
(959, 'Olenolin', 'Eckford', 'oeckfordnu@amazon.de', 'S9a46w7H8', 0, 30, '2023-01-26 07:42:21'),
(960, 'Shirley', 'Penna', 'spennanv@feedburner.com', 'CJJl3OM', 0, 38, '2022-02-10 06:51:06'),
(961, 'Deirdre', 'Blanket', 'dblanketnw@umn.edu', 'Hzt8hKgOm', 1, 3, '2022-07-09 08:33:48'),
(962, 'Douglass', 'Bowgen', 'dbowgennx@alibaba.com', 'OBZh18NAE0E', 0, 96, '2022-06-20 06:04:48'),
(963, 'Gray', 'Helgass', 'ghelgassny@ted.com', '7iVgtzsO', 1, 77, '2022-06-20 03:42:08'),
(964, 'Claudio', 'Grzesiak', 'cgrzesiaknz@friendfeed.com', 'en1mO3h6Paak', 1, 96, '2022-02-11 22:29:43'),
(965, 'Maxine', 'Schuler', 'mschulero0@sciencedaily.com', 'tx0kL5Zg', 1, 51, '2022-10-21 22:01:40'),
(966, 'Karlotta', 'Tripean', 'ktripeano1@odnoklassniki.ru', '4y5vDtBHLFm', 0, 65, '2022-08-01 14:21:02'),
(967, 'Mycah', 'Roose', 'mrooseo2@cnbc.com', 'iraHhPBBtFLE', 0, 71, '2023-02-13 13:53:43'),
(968, 'Giuseppe', 'Lammertz', 'glammertzo3@opera.com', 'DUAODvpP7gh', 0, 61, '2022-11-30 20:29:21'),
(969, 'Karlyn', 'Ewbanck', 'kewbancko4@dailymail.co.uk', 'U5sHxd', 0, 90, '2022-06-14 21:15:12'),
(970, 'Janaye', 'Layzell', 'jlayzello5@mysql.com', 'Gt3ve7mVc', 0, 70, '2023-02-16 12:56:31'),
(971, 'Josi', 'Winslade', 'jwinsladeo6@google.cn', 'aO1tW5XeH', 1, 77, '2022-02-11 12:21:24'),
(972, 'Darb', 'Galtone', 'dgaltoneo7@dyndns.org', 'xTvhwe', 1, 79, '2022-08-02 04:40:17'),
(973, 'Tandy', 'Jukes', 'tjukeso8@rakuten.co.jp', 'UchSPYa', 1, 62, '2022-08-25 17:36:14'),
(974, 'Claiborn', 'Wichard', 'cwichardo9@jalbum.net', 'MiFdMVe7kaIX', 1, 73, '2022-05-10 04:50:03'),
(975, 'Worthy', 'Pepis', 'wpepisoa@netvibes.com', 'vLz3hoOG', 1, 81, '2022-07-14 17:18:02'),
(976, 'Cortney', 'Bleakman', 'cbleakmanob@imageshack.us', 'aOhKaGF', 1, 88, '2022-04-12 08:07:47'),
(977, 'Paxon', 'Lucy', 'plucyoc@paypal.com', '7ROtRbGX1XpQ', 1, 95, '2022-02-10 07:41:24'),
(978, 'Borden', 'Helliker', 'bhellikerod@google.com', 'F7qrnnE', 0, 12, '2022-05-26 10:13:41'),
(979, 'Royall', 'Langmuir', 'rlangmuiroe@blinklist.com', '8tq8j2gKjp7', 1, 73, '2022-10-31 15:20:43'),
(980, 'Abbe', 'Gaiford', 'agaifordof@clickbank.net', '4v8xD94cvno', 0, 30, '2023-01-27 07:19:25'),
(981, 'Naomi', 'Fancott', 'nfancottog@addthis.com', 'Hb1cjw', 1, 30, '2022-03-14 12:00:39'),
(982, 'Nicoline', 'Pree', 'npreeoh@bizjournals.com', 'faPYK5', 1, 59, '2022-02-19 07:16:18'),
(983, 'Peirce', 'Goodale', 'pgoodaleoi@goodreads.com', 'gqqvQ6uLMB', 1, 7, '2022-05-05 01:42:47'),
(984, 'Lindie', 'MacKinnon', 'lmackinnonoj@yandex.ru', 'KQouA0', 0, 58, '2023-01-31 10:22:38'),
(985, 'Carline', 'Gerrans', 'cgerransok@si.edu', '1gzeh9VOOx', 0, 67, '2022-02-04 10:58:03'),
(986, 'Desmond', 'Realph', 'drealphol@reference.com', '52AzoUOLsR0', 0, 61, '2022-10-23 01:45:46'),
(987, 'Horten', 'Gooley', 'hgooleyom@amazonaws.com', 'fzjQFK8', 1, 7, '2022-03-26 19:32:55'),
(988, 'Brana', 'Folker', 'bfolkeron@ehow.com', 'BhWRvE14V42', 0, 48, '2022-09-23 15:56:58'),
(989, 'Maurise', 'Arzu', 'marzuoo@people.com.cn', 'o6EnjIE', 1, 21, '2022-09-29 11:17:45'),
(990, 'Vern', 'Sayers', 'vsayersop@dot.gov', '3wTt2L1rkSa', 1, 57, '2023-02-01 19:25:34'),
(991, 'Aubrie', 'McCarney', 'amccarneyoq@drupal.org', 'U14uBVjIR', 1, 27, '2022-07-23 11:21:50'),
(992, 'Clo', 'Gogie', 'cgogieor@live.com', 'rSmccJ4JcStv', 0, 61, '2022-12-24 06:29:24'),
(993, 'Kaiser', 'Panner', 'kpanneros@redcross.org', '7uY0go7', 0, 26, '2022-06-12 16:48:20'),
(994, 'Darin', 'Kohrs', 'dkohrsot@amazon.de', '2ZB5HO', 0, 43, '2022-08-25 00:38:44'),
(995, 'Ferdinanda', 'Lambirth', 'flambirthou@clickbank.net', 'FkMigf08', 1, 41, '2022-04-26 17:50:55'),
(996, 'Beatriz', 'Godwin', 'bgodwinov@creativecommons.org', 'D1pFzl9m9o', 1, 75, '2022-07-12 14:02:25'),
(997, 'Norma', 'Kupec', 'nkupecow@umn.edu', 'YWm3ucR3VecC', 0, 52, '2022-10-13 23:39:37'),
(998, 'Urson', 'Bolzmann', 'ubolzmannox@reuters.com', 'GZhBaE5o2JQ', 0, 36, '2023-01-09 02:19:36'),
(999, 'Con', 'Kleinlerer', 'ckleinlereroy@bigcartel.com', 'JADuFCZvlqA', 0, 22, '2022-04-29 22:56:53'),
(1000, 'Eolanda', 'Goudie', 'egoudieoz@wikipedia.org', 'keIJG8NhiMQ', 0, 1, '2022-08-11 08:43:54'),
(1001, 'Forester', 'Florence', 'fflorencep0@europa.eu', 'tt7enyIH', 1, 40, '2022-08-24 01:16:17'),
(1002, 'Emelen', 'Diter', 'editerp1@dagondesign.com', 'cda5LI2s', 0, 96, '2022-02-17 12:38:32'),
(1003, 'Modestia', 'Noell', 'mnoellp2@epa.gov', 'q7ET9lNY6v', 1, 62, '2022-09-29 15:48:20'),
(1004, 'Melita', 'Ainger', 'maingerp3@fastcompany.com', 'i1JZ0PI', 0, 22, '2022-06-03 07:56:34'),
(1005, 'Brenden', 'Babcock', 'bbabcockp4@hugedomains.com', 'pjrXXXUDwUP', 1, 25, '2022-12-06 00:42:56'),
(1006, 'Ange', 'Spindler', 'aspindlerp5@ustream.tv', 'Gk8iYd4GsBYL', 1, 55, '2022-07-30 23:43:56'),
(1007, 'Modestia', 'Symms', 'msymmsp6@cdbaby.com', '0udrM12u', 0, 2, '2022-11-22 13:29:18'),
(1008, 'Abigael', 'Welham', 'awelhamp7@seesaa.net', 'mHIi4pYxo', 1, 44, '2022-07-09 15:45:53'),
(1009, 'Shirl', 'Hartzogs', 'shartzogsp8@tuttocitta.it', 'mWiGlqVqS3N', 0, 13, '2022-09-20 07:16:32'),
(1010, 'Lesli', 'Lattie', 'llattiep9@about.com', 'FtAZgD79h', 0, 34, '2022-04-14 05:58:18'),
(1011, 'Garland', 'Pedri', 'gpedripa@theguardian.com', 'FjeKxqOG', 1, 31, '2022-05-24 18:03:27'),
(1012, 'Tabitha', 'Sinnie', 'tsinniepb@linkedin.com', 'xVoDmJvtts', 1, 51, '2023-01-19 09:17:47'),
(1013, 'Blayne', 'Swanwick', 'bswanwickpc@bigcartel.com', 'ZGq1OP', 1, 62, '2022-12-31 00:51:20'),
(1014, 'Evvy', 'Stephenson', 'estephensonpd@cisco.com', '0ljwboZK', 0, 59, '2022-07-18 17:13:13'),
(1015, 'Johnna', 'Kinloch', 'jkinlochpe@usa.gov', 'iS8gxkNgUB', 0, 11, '2022-03-21 16:39:06'),
(1016, 'Ezequiel', 'Crooke', 'ecrookepf@imdb.com', 'GpfIxEeVg4g', 1, 75, '2022-05-13 12:14:20'),
(1017, 'Arnold', 'Tayloe', 'atayloepg@google.cn', '4ZClOfdYuO8B', 1, 43, '2022-12-10 02:37:14'),
(1018, 'Katine', 'Buckler', 'kbucklerph@technorati.com', 'tMbMgb2IoRY', 1, 89, '2022-11-10 11:57:57'),
(1019, 'Chery', 'Reeson', 'creesonpi@dagondesign.com', 'WpxSfe', 1, 19, '2022-12-27 20:24:03'),
(1020, 'Bradly', 'Grewar', 'bgrewarpj@storify.com', '7xdGWHy', 0, 26, '2023-01-06 00:26:28'),
(1021, 'Kristien', 'Perse', 'kpersepk@yahoo.co.jp', 'TE6tUuDFXc', 1, 72, '2023-01-12 03:18:44'),
(1022, 'Harriet', 'Laurent', 'hlaurentpl@hatena.ne.jp', '6TtTby713Om', 0, 85, '2022-09-27 17:14:58'),
(1023, 'Kimberlyn', 'Elsegood', 'kelsegoodpm@harvard.edu', 'NgzxiRIQ5SE', 1, 11, '2022-07-11 01:47:53'),
(1024, 'Danielle', 'Evill', 'devillpn@amazonaws.com', 'm4igpiuAX', 0, 97, '2022-12-07 20:01:46'),
(1025, 'Shelley', 'Dignam', 'sdignampo@alexa.com', 'ZS304gEem', 0, 53, '2022-10-06 18:15:08'),
(1026, 'Lane', 'Harlowe', 'lharlowepp@intel.com', '9YbaJNz6a', 1, 72, '2022-07-18 06:40:15'),
(1027, 'Nisse', 'Messenbird', 'nmessenbirdpq@google.pl', 'O35beL4', 0, 4, '2022-08-20 05:30:22'),
(1028, 'Parke', 'Tures', 'pturespr@youku.com', 'SaMMJKWBF3oE', 0, 99, '2022-11-01 05:00:21'),
(1029, 'Allayne', 'Sabban', 'asabbanps@instagram.com', 'm6kOKShQiNk', 0, 87, '2022-10-16 00:43:59'),
(1030, 'Alwyn', 'Sally', 'asallypt@live.com', 'Gxni6at9dnJH', 1, 41, '2022-05-09 02:18:23'),
(1031, 'Grier', 'Kear', 'gkearpu@bing.com', 'erar5n5', 0, 40, '2022-06-10 14:31:16'),
(1032, 'Andras', 'Gotcliffe', 'agotcliffepv@1und1.de', 'UkYkRAqtf1', 0, 75, '2022-03-17 19:30:55'),
(1033, 'Debbi', 'Dungate', 'ddungatepw@msn.com', 'cNd1GRSATl', 1, 60, '2022-04-21 07:40:52'),
(1034, 'Sasha', 'Powe', 'spowepx@npr.org', 'Xh1HBTDJ', 0, 72, '2022-10-03 22:49:04'),
(1035, 'Aura', 'Fleg', 'aflegpy@ft.com', '26E0d6AXv5a3', 1, 82, '2022-12-31 12:46:47'),
(1036, 'Jojo', 'Maides', 'jmaidespz@google.co.jp', 'VdCsy2TU', 1, 93, '2022-09-11 20:24:17'),
(1037, 'Therese', 'Hussy', 'thussyq0@webmd.com', 'blZ3cvnk', 1, 21, '2022-03-17 10:37:27'),
(1038, 'Siward', 'Arndtsen', 'sarndtsenq1@jimdo.com', 'rMxI0bYD', 0, 24, '2022-11-09 12:31:06'),
(1039, 'Neysa', 'Camerello', 'ncamerelloq2@dmoz.org', 'y7FpvzmqS', 1, 56, '2022-10-19 12:09:31'),
(1040, 'Curcio', 'O\'Riordan', 'coriordanq3@sitemeter.com', '7nR9Pos4L9ob', 1, 11, '2022-03-27 03:09:54'),
(1041, 'Gracie', 'Southern', 'gsouthernq4@state.gov', 'MxJBya2ChJ', 0, 84, '2023-02-09 02:51:51'),
(1042, 'Rozelle', 'Brunke', 'rbrunkeq5@narod.ru', 'ygNDC3dlpv', 1, 88, '2022-10-19 16:26:04'),
(1043, 'Antoni', 'Fortnam', 'afortnamq6@ftc.gov', 'Imah5Yq', 1, 91, '2022-03-19 16:39:21'),
(1044, 'Doe', 'Cassam', 'dcassamq7@cyberchimps.com', 'kNQxlQ', 1, 92, '2022-09-27 22:05:18'),
(1045, 'Bordy', 'Pieper', 'bpieperq8@google.co.jp', 'GlxzdkI', 1, 85, '2022-10-19 13:44:08'),
(1046, 'Damiano', 'Kentwell', 'dkentwellq9@opensource.org', 'EgodMad', 1, 52, '2022-09-28 21:18:22'),
(1047, 'Gabie', 'Pycock', 'gpycockqa@marketwatch.com', 'Mp7FJcH4HEoI', 1, 4, '2022-09-04 13:37:06'),
(1048, 'Bradan', 'Logie', 'blogieqb@java.com', 'BfRmQUrs', 1, 63, '2022-08-01 10:29:15'),
(1049, 'Sharia', 'Vahey', 'svaheyqc@tinyurl.com', 'GZLQi6mU', 0, 2, '2022-04-15 13:47:58'),
(1050, 'Tyrus', 'Creddon', 'tcreddonqd@delicious.com', 'HriH3MF', 1, 20, '2022-09-19 11:22:38'),
(1051, 'Athene', 'Twaite', 'atwaiteqe@flickr.com', 'va1tv5yq28pt', 0, 94, '2022-11-25 19:33:23'),
(1052, 'Ammamaria', 'Nortunen', 'anortunenqf@bloglines.com', 'joowCv3bm', 0, 13, '2022-11-04 20:33:48'),
(1053, 'Abe', 'Persehouse', 'apersehouseqg@myspace.com', 'gPrHMBErM', 1, 82, '2022-11-22 17:05:02'),
(1054, 'Amitie', 'Gale', 'agaleqh@jugem.jp', 'vVDOYX', 0, 70, '2022-08-02 08:39:24'),
(1055, 'Othella', 'Crandon', 'ocrandonqi@mapquest.com', 'iGXCaBx', 0, 6, '2023-01-23 14:15:40'),
(1056, 'Gae', 'Dobeson', 'gdobesonqj@ft.com', '1IBpCD', 0, 18, '2022-08-06 08:40:30'),
(1057, 'Emmalyn', 'Southers', 'esouthersqk@artisteer.com', 'bn59HI', 0, 69, '2023-01-03 14:32:04'),
(1058, 'Aldwin', 'Bucklee', 'abuckleeql@sfgate.com', 'GOtC9hqZrl5', 1, 94, '2022-08-04 22:27:29'),
(1059, 'Idelle', 'Jordin', 'ijordinqm@icio.us', '1dn1tMN4qTDH', 0, 66, '2023-01-06 12:00:12'),
(1060, 'Ginevra', 'Daniell', 'gdaniellqn@twitter.com', 'xTL2WS', 0, 46, '2022-04-26 05:56:49'),
(1061, 'Kristina', 'Kalaher', 'kkalaherqo@globo.com', 'gKj6LG', 0, 33, '2022-03-22 17:40:53'),
(1062, 'Cornelia', 'Dilliway', 'cdilliwayqp@macromedia.com', '7N3h3ZXEMC2', 1, 24, '2022-09-25 03:15:28'),
(1063, 'Fae', 'Linkie', 'flinkieqq@aboutads.info', '1e0KfLB', 0, 21, '2023-02-15 13:30:11'),
(1064, 'Hagan', 'Armall', 'harmallqr@google.ru', 'HDHXBRAJ7Z', 1, 34, '2022-11-13 17:17:55'),
(1065, 'Link', 'Colquhoun', 'lcolquhounqs@wikipedia.org', 'bWOPFZL', 1, 6, '2022-02-23 05:18:12'),
(1066, 'Willamina', 'Whitlaw', 'wwhitlawqt@bizjournals.com', 'KTbqrwq', 1, 27, '2022-03-24 20:53:50'),
(1067, 'Malcolm', 'Shepheard', 'mshepheardqu@mapy.cz', 'FwxS6h1zs', 1, 20, '2023-01-02 11:00:23'),
(1068, 'Daveta', 'Balsdon', 'dbalsdonqv@yolasite.com', 'Cp74DM45Y', 1, 15, '2023-01-20 05:31:03'),
(1069, 'Cristionna', 'Andreazzi', 'candreazziqw@people.com.cn', 'qhROdVB5w6cB', 1, 17, '2022-11-30 23:44:59'),
(1070, 'Zilvia', 'Matas', 'zmatasqx@i2i.jp', 'rj4y6MZ2H6', 0, 37, '2022-10-21 20:55:16'),
(1071, 'Dayle', 'Macklam', 'dmacklamqy@artisteer.com', 'X4CfeT', 1, 35, '2022-03-20 15:18:32'),
(1072, 'Nickie', 'Stansbie', 'nstansbieqz@salon.com', 'V12Gdt4N', 0, 64, '2022-08-09 17:15:37'),
(1073, 'Fawnia', 'Armstrong', 'farmstrongr0@tumblr.com', '3pBE8An2Za', 1, 15, '2022-10-10 15:47:09'),
(1074, 'Honoria', 'Jennaroy', 'hjennaroyr1@gnu.org', 'm606ojNBAdJI', 1, 80, '2023-02-05 03:25:29'),
(1075, 'Alecia', 'Savine', 'asaviner2@shutterfly.com', 'LU8zpIIPFU3', 1, 60, '2022-06-05 20:26:32'),
(1076, 'Octavia', 'Beyne', 'obeyner3@kickstarter.com', 'CMUaxVR', 1, 58, '2022-03-29 10:29:33'),
(1077, 'Mirabel', 'Wolfarth', 'mwolfarthr4@nhs.uk', 'N7hPlI7K', 1, 11, '2022-10-28 16:00:06'),
(1078, 'Leonelle', 'Sparshutt', 'lsparshuttr5@cloudflare.com', 'h4VlNVCaaliD', 1, 80, '2022-12-28 02:51:04'),
(1079, 'Gae', 'Tibalt', 'gtibaltr6@woothemes.com', 'fR19XYA6bK3', 1, 69, '2023-02-08 05:48:28'),
(1080, 'Iver', 'Marklund', 'imarklundr7@sakura.ne.jp', 'dDoCRdXD3Kgp', 1, 5, '2023-02-19 08:15:57'),
(1081, 'Cristie', 'Fanti', 'cfantir8@comcast.net', '8Ce5Py', 1, 16, '2023-02-17 22:44:13'),
(1082, 'Sig', 'Daniells', 'sdaniellsr9@g.co', 'nYFLSfjVTd0B', 0, 65, '2022-10-27 14:13:34'),
(1083, 'Meghan', 'Chellam', 'mchellamra@ox.ac.uk', 'epwyjHIvLce', 0, 76, '2022-02-04 04:49:06'),
(1084, 'Annetta', 'Nuth', 'anuthrb@hhs.gov', '0QLOE1FL', 0, 88, '2022-09-05 14:54:03'),
(1085, 'Herculie', 'Eyre', 'heyrerc@yellowbook.com', 'yxaTQu9D', 0, 14, '2022-05-20 20:42:43'),
(1086, 'Ike', 'Tedder', 'itedderrd@webmd.com', 'UDh4pvlyjWo', 0, 4, '2022-09-05 16:22:31'),
(1087, 'Justin', 'Neagle', 'jneaglere@timesonline.co.uk', 'EKQ7P5SauGrE', 0, 74, '2022-03-31 20:44:10'),
(1088, 'Gian', 'Phettiplace', 'gphettiplacerf@ycombinator.com', 'OijZWUx', 1, 63, '2023-01-27 21:16:29'),
(1089, 'Fredia', 'Stoffler', 'fstofflerrg@rambler.ru', '7ypVdea24NLW', 0, 90, '2022-09-26 11:28:15'),
(1090, 'Leia', 'Guerre', 'lguerrerh@omniture.com', 'AXqMnkMj', 0, 64, '2022-05-03 11:20:59'),
(1091, 'Duncan', 'Mead', 'dmeadri@craigslist.org', 'f822SMkv5pw', 1, 49, '2022-08-28 01:10:20'),
(1092, 'Adelaida', 'Collinson', 'acollinsonrj@kickstarter.com', 'm8KNUA', 0, 52, '2022-06-25 12:36:16'),
(1093, 'Gregor', 'Wickmann', 'gwickmannrk@about.com', 'yB81Et', 1, 14, '2022-08-03 07:38:09'),
(1094, 'Hamlen', 'Shellcross', 'hshellcrossrl@usa.gov', 'a23SmKzAis', 1, 11, '2022-09-23 08:26:16'),
(1095, 'Jobye', 'Everil', 'jeverilrm@slashdot.org', '3DpV7ldq', 0, 15, '2022-03-24 17:30:46'),
(1096, 'Luca', 'Santello', 'lsantellorn@yahoo.co.jp', 'NTuj8jAU', 0, 42, '2022-02-10 05:37:49'),
(1097, 'Gene', 'Tullot', 'gtullotro@webnode.com', 'TiSjEZxg0Uy0', 1, 65, '2022-11-18 12:13:08'),
(1098, 'Penn', 'Discombe', 'pdiscomberp@tinypic.com', 'OXiTcz', 1, 1, '2023-02-20 00:19:35'),
(1099, 'Georgia', 'Dinsmore', 'gdinsmorerq@yelp.com', '1aNxC617Qg', 0, 6, '2022-08-22 06:21:16'),
(1100, 'Sande', 'Iskov', 'siskovrr@macromedia.com', 'tsUfe7', 0, 25, '2022-11-28 11:25:36'),
(1101, 'Sultan', 'Bilirim', 'sultan@mail.com', '12345', 1, 32, '2023-04-01 12:18:31'),
(1105, 'Sultan', 'Bilirim', 'sultanx@mail.com', '12345', 1, 32, '2023-04-01 12:21:42');

--
-- Indexes for dumped tables
--

--
-- Indexes for table `category`
--
ALTER TABLE `category`
  ADD PRIMARY KEY (`cid`);

--
-- Indexes for table `images`
--
ALTER TABLE `images`
  ADD PRIMARY KEY (`iid`);

--
-- Indexes for table `product`
--
ALTER TABLE `product`
  ADD PRIMARY KEY (`pid`);

--
-- Indexes for table `product_category`
--
ALTER TABLE `product_category`
  ADD KEY `pid` (`pid`),
  ADD KEY `cid` (`cid`);

--
-- Indexes for table `users`
--
ALTER TABLE `users`
  ADD PRIMARY KEY (`uid`),
  ADD UNIQUE KEY `email_unique` (`email`);

--
-- AUTO_INCREMENT for dumped tables
--

--
-- AUTO_INCREMENT for table `category`
--
ALTER TABLE `category`
  MODIFY `cid` int(11) NOT NULL AUTO_INCREMENT, AUTO_INCREMENT=5;

--
-- AUTO_INCREMENT for table `images`
--
ALTER TABLE `images`
  MODIFY `iid` int(11) NOT NULL AUTO_INCREMENT, AUTO_INCREMENT=301;

--
-- AUTO_INCREMENT for table `product`
--
ALTER TABLE `product`
  MODIFY `pid` int(11) NOT NULL AUTO_INCREMENT, AUTO_INCREMENT=101;

--
-- AUTO_INCREMENT for table `users`
--
ALTER TABLE `users`
  MODIFY `uid` int(11) NOT NULL AUTO_INCREMENT, AUTO_INCREMENT=1106;

--
-- Constraints for dumped tables
--

--
-- Constraints for table `product_category`
--
ALTER TABLE `product_category`
  ADD CONSTRAINT `product_category_ibfk_1` FOREIGN KEY (`pid`) REFERENCES `product` (`pid`),
  ADD CONSTRAINT `product_category_ibfk_2` FOREIGN KEY (`cid`) REFERENCES `category` (`cid`);
COMMIT;

/*!40101 SET CHARACTER_SET_CLIENT=@OLD_CHARACTER_SET_CLIENT */;
/*!40101 SET CHARACTER_SET_RESULTS=@OLD_CHARACTER_SET_RESULTS */;
/*!40101 SET COLLATION_CONNECTION=@OLD_COLLATION_CONNECTION */;
